Volcano Village Lodge,Laurie K,5.0,완벽한 목가적! 광고 한 것처럼. :-),"우리는 Mauna Kea 방에 머물렀다. 그리고 그것은 완전했다! 설정, 전망, 가구, 장식, 객실 디자인 및 재료가 합쳐져 평화 롭고 환영받는 경험을 선사합니다. 추가 사려 깊은, 그러나 의외, 보너스 목 지원 베개의 가용성이었다! Pua는 매력적인 호스트이었다. 그녀는 전화로 우리를 방문하기 전에 일주일 동안 도움이되었고, 직접 만나서 매력적이었습니다. 우리가 운전 지침을 잘못 해석했을 때 그녀는 심지어 우리를 2 마일 정도 운전해서 직진 시켰습니다! 우리는 화산 마을 별장에 머물렀다 니 정말 기쁩니다. 나는 그것을 매우 추천한다!",숙박 날짜: 2019년 2월
Volcano Village Lodge,drndrn,5.0,놀랍고 아름다운 롯지,"우리는 13 명의 86 살의 10 명의 사람의 우리 확장 된 가족과 함께 화산 마을 비밀 결사에 머물렀다. 별장은 절대적으로 마법입니다. 우리는 열대 우림에 4 개의 독립적 인 독립형 스위트를 보유하고 있었으며, 모두 나무로 된 산책로와 조명이 잘 어우러진 통로로 연결되어 있습니다. 각 스위트 룸은 아름답게 장식되어 매우 편안합니다. 냉장고에는 매일 신선한 과일과 집에서 조리 한 아침 식사가 준비되어 있으며, 커피와 차를 선택할 수 있습니다. 우리의 주인 인 푸아 (Pua)는 엄청 따뜻하고 친절했고 환영했습니다. 그녀는 우리 모두가 공동의 지역에서 아침 식사를 할 수 있도록 초대 했으므로 우리 가족은 더 많은 공간을 가질 수있었습니다. 그녀는 믿을 수없는 자원이었고, 지역의 음식점과 먹거리에 대한 제안과 지시를주었습니다. 그녀는 최근의 화산 폭발에 대한 이야기를 나누었고 우리에게도 똑같이 환영하는 가족을 소개했습니다. 우리는 우리 체재의 끝에서 안녕을 말하기 위해 매우 유감스럽게 생각했다! 화산 국립 공원이 단 몇 분 거리에 있습니다. 우리는 공원을 탐험하는 날과 야외 온수 욕조에서의 저녁을 보냈습니다. 우리는 Pua와이 놀라운 여관에 더 만족할 수 없었습니다. 매우 추천하는! !",숙박 날짜: 2019년 1월
Volcano Village Lodge,singaporemarsha,5.0,세계에서 가장 조용한 곳 중 하나,코나 (Kona) 나 힐로 푸아 (Hilo - - Pua)와 같은 하와이 (Hawaii) 마을의 활기가 넘치는 멋진 1 - 2 박 퇴각은 환상적인 호스트입니다. . . 놀라운 그녀의 프렌치 토스트. . . 아름다운 주변 환경. . . 잘 돌봐. . . 조금 비싸더라도 진정한 특별한 장소.,숙박 날짜: 2018년 11월
Volcano Village Lodge,anagbl,1.0,정말 실망했다.,"아마이 호텔은 나머지 사람들의 의견대로 훌륭하지만, 불행히도 나는 결코 여기에 머물지 못했고, 여기에 실망한 이유가 있습니다. 나는 2018 년 5 월에 며칠간 환불되지 않는 예약을 위해 일찍 정말로 예약하고 지불했습니다. Halema 'uma'는 예약이 시작되기 전에 분출을 시작했습니다. 화산 국립 공원이 폐쇄되었습니다. 화산 마을 자체는 결코 닫히지 않았거나 접근 할 수 없었지만, 화산은 낮은 동쪽 갈라진 틈 지대에서 연속적으로 활발한 용암 분출 (실제로 그것들을 불렀을 때)과 함께 정말로 믿기 어려웠습니다. Plenty of Fissures는 매우 활동적이어서 바다로 큰 채널 화 된 흐름을 만들어 해안선을 따라 공중으로 큰 잔잔한 깃털을 보냅니다. 또한 작은 지진. 호텔의 정확한 면적이 대중에게 공개 된 적이 없었 음을 이해합니다. 호텔에서 많은 취소를받은 것으로 알고 있습니다. 나는 나의 예약이 환불되지 않았다는 것도 알고있다. 그러나 내가 이해할 수없는 것은 그들이 내가 하와이를 떠날 계획이라고 말하면서 그들에게 연락했을 때 보여주는 작은 동정이다. 나의 항공사는 우리에게 요청하고있다 / 섬을 떠날 것을 권유하고, 무료로 비행편을 변경한다. 변경을 허용하지 않음). 나는 호텔에 최소한 세금 환불을 요청했다. 우리는 나타나지 않을 것이며 서비스를 제공하지 않을 것이다. . 그러나 그들은 그렇지 않았다. 그들은 1 페니를 환불하지 않았다. 아무것도 지불하지 않은 ""운""이라면 제스처를받는 것이 정말 좋을 것입니다. 나는 내 안전을 위해 섬을 떠나야한다는 느낌이 미치지 않는다고 생각한다.",숙박 날짜: 2018년 5월
Volcano Village Lodge,Surgie,5.0,더 이상 우리의 방문 이 있다!,우리는 이 아름다운 곳이 지 볼케이노 빌리지에 로지. 정말 최고! 방은 아늑하고 (마우나 케아) 을 환영합니다. 우리는 베란다에 사용 한 가운데 열대 우림 - 에서 전까지는 vnp! 우리는 매일 매일의 벽난로 에 만들어진 방. 주인은 정말 친절하고 자세한 내용 후에 도착하는 거라는 6:00 오후. 모든 것이 아주 쉽게. 아침 식사는 맛있었고 왼쪽에 있습니다. 정말 좋은 아침식사와 신선한 커피를 있게 한 방에. 하고 싶고 더 많은 시간을 활용할 수 방에서 사용할 시간이 정원 온수 욕조가 있습니다. 다른 사람들이 아름다운 곳을 추천 합니다.,숙박 날짜: 2017년 9월
B B At the End of the Road Bed   Breakfast,막스갈로,4.0,조용한 화산마을 도로 끝 아담한 B&B,"주한미군으로 한국에서 근무한 적이 있는 주인장 아저씨가 운영하는, 정말 도로 끝에 있는 B&B다. 방이 둘인데, 깔끔하고 아담하다. 마을에서 떨어져 있어서 저녁에는 정말 무섭다는 느낌도 들었다. 가정식 아침식사를 기대했는데 베이글과 커피, 정말 간단한 아침이라서 다소 당황했으나 주인부부의 정성이 보이는 것이라 웃으면서 맛있게 먹었다.",숙박 날짜: 2016년 2월
B B At the End of the Road Bed   Breakfast,Somosmita,5.0,편안함과 환대,바쁜 하루를 보낸 후 아름다운 환경 속에서 휴식을 취하기 좋은 곳. 위대한 환대. 잘 관리 된 객실. 집에서 만든 멋진 음식. 호스트는 매우 친절하고 도움이됩니다. 매우 평화로운 숙박.,숙박 날짜: 2019년 2월
B B At the End of the Road Bed   Breakfast,Russ Jarvis,5.0,평화로운 밤,"코나에서 하루 종일 운전 한 후 쉬는 조용한 장소. 그들의 편안한 집으로 우리를 환영했고, 지방의 레스토랑 옵션을 기술했고, 우리가 화산 국립 공원에서 멋있는 아침 이후 그 다음날 공항에 뒤로 풍경의 길을 발견하는 것을 도왔던 훌륭한 훌륭한 호스트. 우리 주인은 우리에게 채우기 아침 식사를 먹이는 동안 지역 공동체에 관한 우리 질문에 답했다.",숙박 날짜: 2018년 10월
B B At the End of the Road Bed   Breakfast,joseph G,4.0,아주 편안합니다. 평화와 휴식을 좋아하는 사람에게이 곳을 추천합니다.,이 집은 나무와 푸른 색과 분홍색 수국이 피는 거대한 초록의 많은 가운데에 위치해 있습니다. 숙박 시설은 훌륭했습니다 - 매우 깨끗하고 잘 꾸며진 객실. Lani & Ray는 매우 체계적이고 유익했습니다. 거래는 매우 투명했습니다. 경내가 확보되어 있고 집에서 바로 느낄 수 있습니다. 이것은 도시에서 찾을 수있는 모든 소음에서 벗어난 조용하고 고요하고 편안한 곳입니다. 화산 국립 공원 (Volcanoes National Park)은 약 3 마일 떨어져 있습니다.,숙박 날짜: 2018년 10월
B B At the End of the Road Bed   Breakfast,Ruth T,5.0,친절한 주인과 넓고 깨끗하고 쾌적한 객실 - 글루텐 무료 제공,우리는 2 박 남았고 우리가 더 오래 머물길 바랐다. 하와이 화산 국립 공원에는보고 볼거리가 너무 많습니다. Ray와 Lani는 우리가 환영을 받고 집에서 사랑스러운 재산을 갖도록 도왔습니다. 그들은 또한 공원을 방문하기위한 최적의 전략에 대한 훌륭한 조언을 제공했습니다. 나는 글루텐을 무료로 먹었고 라니도 그렇습니다. 그래서 아침 식사를위한 글루텐 자유 선택의 문제는 없었습니다. 우리 방은 넓었고 멋지게 개인의 욕실로 장식되었다. 빅 아일랜드를 방문 할 때 우리는 반드시 돌아올 것입니다.,숙박 날짜: 2018년 2월
Volcano Forest Inn,mjhoug,5.0,귀엽고 편안한 여관,우리가 Hawi에서 화산 국립 공원을 방문하기 위해 운전했을 때 우리는 하룻밤 동안 여기에 머물렀다. 우리는 우리 공간이 얼마나 넓고 멋 졌는지에 관해 유괘하게 놀랐다. 그리고 킹 사이즈 침대는 매우 편안했다. 우리가 여관에서 저녁을 보냈을 정도로 그 지역에서 어둠 후에 할 많은 것이 없습니다. 직원들은 친절하고 유익했습니다. 그 다음날 국립 공원까지의 짧은 운전을하는 것은 멋졌다.,숙박 날짜: 2019년 1월
Volcano Forest Inn,JDW62,5.0,화산에서의 완벽한 체류,"화산 숲 여관은 화산 마을의 조용한 은신처입니다. 넓은 넓은 객실, 데크, 모든 시설, 맛있는 아침 식사 및 훌륭한 직원. 공원까지 차로 가면 Kilauea를 여행하기에 완벽한 장소였습니다. 추천!",숙박 날짜: 2019년 1월
Volcano Forest Inn,aknoble,5.0,"큰 방, 친절한 사람들은 조용한 위치","우리가 지내는 것 & 에 정말 좋아 화산, 이 시간 다른 곳을 가기로 했습니다. 볼케이노 포리스트 인 정말 좋은 선택. 방은 매우 크고 편안하고 할 수 있는 전용 테라스가 있는 거대한 성 그곳들을 내리지 싶어요. 하지만 바로 옆에 우체국 이 일반 상점, 다시 설정 이 면 충분한 지 알 수 있는 포리스트의 마을 서지 좋았어요. 우리는 여전히 으로 걸어 저녁 식사, 손전등을 가지고 확실하게 뒤로 걷기! 직원들은 아주 친절하고 아침 식사는 간단한, 하지만 좋은 아주 푸짐하 다. 공동 테이블이 마음에 들었고, 흥미로운 사람들을 만날 수 있고 저희가 묵는 동안 다른 사람들에 대한 것들을 할 수 있는 기반이 있기 때문에 있다. 꼭 다시 머무르고 싶어요.",숙박 날짜: 2017년 8월
Volcano Forest Inn,Hibby922,5.0,매우 친절하고 매우 깨끗하고 좋은 방,아주 예쁜 바깥에 있는 큰 방은 깨끗했고 침대도 매우 편안했어요. 같은 침대와 아침 식사 입니다. 사람들이 매우 친절했고 아침 식사도 좋았어요. 이 경우에 다시 오고 싶다. 위치가 좋은 아주 근접한 화산 nat 공원 입구,숙박 날짜: 2017년 7월
Volcano Forest Inn,Maryam73_Toronto,5.0,머물기 좋은 곳,제 남편과 저는 우리의 이틀 밤을 묵었는데요. Be 화산 국립 공원 입구에서 몇 분 & 수 있습니다. 방은 넓고 깨끗하고 했습니다. 주인이 친절하고 도움이 되었습니다. 즐거운 시간을 보내고 추천합니다!,숙박 날짜: 2017년 6월
The Guest Cottages at Volcano Acres Tree House,Rodney B,5.0,그레이트 환경,"나무 집 3 층에 묵었습니다. 그것은 열대 우림의 360도 전망을 가지고 있습니다. 차가운 밤에는 가스 벽난로뿐만 아니라 부엌, 이불 좌석 공간, 샤워 시설을 갖춘 욕실이 있습니다. 국립 공원에서 불과 몇 분 거리에 있으며 화산 마을에는 레스토랑과 작은 시장이 있습니다. 멋진 야외 좌석 공간이 있습니다. 우리는이 오두막을 정말로 즐겼고, 언젠가 돌아 오는 것을 좋아할 것이다.",숙박 날짜: 2018년 11월
The Guest Cottages at Volcano Acres Tree House,silenceisgolden_oz,5.0,편안한 숙박을위한 훌륭한 스위트 룸,"3 일간 머물기 완벽한 Pacific Island Studio는 아늑하고 세련되게 하와이를 테마로 꾸며져 있습니다. 우리는 우리들 자신의 식사를 요리하는 것에 우리에게 독립을 줬던 잘 갖추어 진 부엌 시설을 사용했다. 방과 침대는 따뜻했다. 우리가 외부의 날씨가 황량 할지라도 우리는 오랫동안 그것을 가열 할 필요가 없었다. 타월 워머는 좋은 손길이 닿았습니다. 소나기는 '저 흐름'이었으므로 인내심이 조금 필요합니다. 조용한 주변 환경과 나무 고사리의 전망을 즐기기. 자체 체크인 시스템이 잘 작동했습니다. 우리 호스트 인 테레사 (Theresa)는 숙소를 찾는 방법과 방에 접근하는 방법에 대한 명확한 지시를했습니다. 장소의 작은 보석은, 지역을 다시 나중에 방문하는 것이 다시 여기에 머물고 싶어 할 것이다.",숙박 날짜: 2018년 5월
The Guest Cottages at Volcano Acres Tree House,waynen95,5.0,훌륭한 위치,우리는 여기에서 우리의 체류를 즐겼습니다. 소유자는 우리가 머무르는 동안 편안함을 느낄 수 있도록 큰 발전을했습니다. 많은 공간이 있었고 숲속 오두막처럼 느껴졌습니다. 위치는 화산 국립 공원의 용암을 방문하기에 완벽한 장소입니다.,숙박 날짜: 2018년 3월
The Guest Cottages at Volcano Acres Tree House,Thomas M,5.0,화산 지역에 머물기에 좋은 곳,"이 별장에서의 우리 체재는 현저했다! Randy는 빠른 응답으로, 빠른 체크인을위한 우리 요청을 수용하는 것을 포함하는 것을 뒤로 잡기 쉽다. 우리는 멋 졌던 나무 최고의 한 벌을 예약했다! 그것은 풀 사이즈 냉장고, 오븐, 모든 요리 도구, 접시, 컵 등 우리가 필요로하는 모든 것이있었습니다. 침대는 매우 편안했고 전기 벽난로는 추운 밤에 좋은 추가되었습니다. lanai 주위를 감싸고있는 멋진 전망. 이 장소를 강력히 추천하며 빅 아일랜드로의 다음 여행에서 다시 예약 할 계획입니다.",숙박 날짜: 2017년 12월
The Guest Cottages at Volcano Acres Tree House,Mark W,5.0,훌륭한 재산과 훌륭한 위치,"우리는 태평양 섬 스튜디오 방에서 12 월 12 일과 13 일 Treehouse에 머물렀다. 우리는 이전 비평가들의 몇 가지 부정적인 의견에 대해 약간 우려했습니다. 그러나 우리는 Treehouse에서의 경험에 완전히 만족했습니다. 다음은 우리의 의견입니다 : 나무를 찾는 것 : 몇몇 사람들이 지적했듯이, 화산은 매우 시골의 공동체입니다. 가로등이없는 좁은 거리. 어두워지면 우리는 GPS를 사용하여 Treehouse를 찾았습니다. GPS로 큰 실수는 우리가 표적에서 0.25 마일 떨어진 곳으로갔습니다. 우리는 그것을 알아 냈습니다 만, Treehouse를 찾는 가장 좋은 방법은 소유주가 예약 한 후 보내는 이메일의 지침을 따르는 것입니다. 본질은 Hilo에서 Pearl Street (마일 표시 26 직후)의 주요 Highway 11에서 좌회전 한 다음 Eleventh Street로 진행하는 것입니다. 왼쪽으로 돌면 나무 꼭대기가 왼쪽의 두 번째 진입로입니다. Eleventh 거리에는 조명이 들어간 거리 번호와 조명이있는 ""Treehouse""표시가 있지만 두 가지 모두 뒤로 물러나있어 즉시 볼 수 없으므로 천천히 내려보고 조심스럽게 살펴 봅니다. 주차 : 진입로에 진입 한 후 드라이브를 타고 건물 뒤쪽으로 진입하십시오. 밤에 도착하면 다소 어두울 것입니다. 그러나 마지막 건물 뒤로 좌회전하면 스포트 라이트가 주차 조명을 켜게됩니다. Treehouse는 조명이 좋지만 도시 사람들은 더 많은 것을 기대하기 때문에 작은 손전등을 가져 오는 것은 좋지 않습니다. 체크인 :",숙박 날짜: 2017년 12월
Kona Sugar Shack,Anton G,5.0,완벽하게 탈출하여 내 결혼 생활을 구했다.,"아내와 나는 스트레스를 받고 있었고 직장에서 문제가 있었지만 우리는 서로에게 신선한 것을 함께 시작 하자고 이야기했습니다. 우리는이 장소를 온라인으로 발견했고 떠나는 것을 결심 시켰습니다. 그리고 이것은 바로 바른 장소였습니다. 낙원의 한가운데에 그것이 가볍게 두드려 졌을뿐만 아니라, 우리는 새로 고침을하고 긴장을 풀 필요가있는 탈출감을주었습니다. 미학에 관한 모든 것이 너무 좋지 않고 편안하고 멋져서 답답 했어요. 수영장에서 수영? 문제 없어! 우산 아래의 식사는 우리에게 tacky 관광객 끈적 거림없이 행락지에있는 것에 대한 상쾌한 감각을 줬다. 모든 것이 옳았습니다. 당신이 진짜 휴가를 가고 싶다면, 진짜 휴가처럼 느껴 져야합니다. 나는이 장소를 충분히 추천 할 수 없다. 우리의 스트레스는 사라지고 평온함은 우리와 함께합니다. 이 장소는 우리가 다시 사랑에 빠지게 만들었습니다. 그것은 당신이 당신의 인생에서 필요로하는 것과 정확히 일치 할 수 있습니다. 그건 나와 캐롤에게 확실한거야. 새로운 위치는 얼마나 많은 스트레스 요인이 실제로 중요하지 않은지를 깨닫게하고 실제로하는 일에 집중할 수있게합니다. 인생을 바꿀 휴가, 우리는 확실히 돌아오고 있습니다. 우리가 거기로 이동할 수 있으면 좋겠어! 열대 식물, 느린 저녁, 활기찬 에너지, 모든 것이 옳았습니다.",숙박 날짜: 2017년 10월
Kona Sugar Shack,buffsrule2018,5.0,저희는 환상적인 시간을 보냈습니다.,"우리는 가족 지난달 수집 즐거웠습니다. 아름다운 건물, 바로 건너편에 해변이 있어서 좋았다. 속성이 다른 객실은 다른 항목을 작은 세그먼트, 큰. 어른과 일부 다른 공간에 있었다. 부엌에서 큰 라나이 아름다운 바다 및 일몰 저녁식사를 위해 가족들에게 딱. 아이들은 파도를 뛰고 다시 수영을 하고 오는 좋아했습니다. 정말 건너야 해변으로 쉽게. 합니다 근처에 꽤 스노클링 훌륭한 하드웨어 저장합니다. 우리는 1주일 동안 속성 몇 가지 문제를 했는데 주인이 매우 친절하고 우리의 문제를 응답하지 빨랐다. 위치는 여러 자동차 쉽게 오프 거리 주차 환상적인. 번화가 낮 동안 운전 차를 집 앞에 있으며, 건물 벽에 앉아 실제로 수영장 옆에 때 자동차 수는 없다. 바닷가 바로. 정원에서 열대 과일 및 다른 아름다운 화초들이 있습니다. 또한 커피 농장 투어 관광입니다. 재미있는 주인, 설정한 즐겼습니다.",숙박 날짜: 2018년 6월
Kona Sugar Shack,maryC6648CU,5.0,크리스마스와 연말 연시를 보내는 최고의 장소,"슈거 판잣집은 모든 연령층의 큰 가족에게 최고의 것이 었습니다. 근처에 외식 할 곳이 많지만, 우리 모두는 바다에서 따뜻한 바람을 느끼는 큰 발코니 - 안뜰에 함께 저녁을 먹는 것을 좋아했습니다. 거기서 우리는 모두 거대한 테이블에 앉을 수 있었지만, 소규모 그룹이 놀고, 게임을하거나, 읽을 수있는 다른 파티오와 거실이있었습니다. 코나 슈거 판잣집은 물에 잠기 게 좋았던 작은 웅덩이를 가지고있다, 또는, 우리는 단지 거리를 가로 질러 걸을 수 있었고, 밀려 오는 파도에서 수영 할 수 있었다. 거기에서 우리는 심지어 거북을 보았다! 오두막집에서 오랫동안 다른 해변들도 있습니다. 서핑 보드 타기를 배울 수있는 곳도있었습니다. 이것은 우리 청소년들에게 매우 인기가있었습니다. 때로는 고래가 부상하고 물을 불어 오는 것을 볼 수 있습니다. 놀랄 만한! 나는 코나 슈가 판잣집의 빅 아일랜드에서 온 가족이 함께 할 다른 곳을 생각할 수 없습니다.",숙박 날짜: 2017년 12월
Kona Sugar Shack,Linda U,5.0,이것은 예술가가 한 집입니다!,"이것은 집안의 보석입니다. 모든 디테일은 사랑 스럽습니다. 용암의 흐름을 보거나 조수 웅덩이에서 스노클링을 즐기기에 좋은 위치에 있습니다. 근처의 편의 시설은별로 없지만, 10 분 거리에있는 로버트 아저씨 (Robert Robert 's)에서 음료와 무언가를 먹을 수 있습니다. . .",숙박 날짜: 2017년 10월
Kona Sugar Shack,doxazo1234,5.0,10일 동안 천국 코나클리라 슈가 쉑,"John j 및 감사드려요! 우리는 코나의 슈가 쉑 (kss). 우리는 슈가 쉑 코나클리라 (kss) 몇 년 뒤로 시간을 보냈습니다. 올해, 우리 가족 여행 다시 가기로 아들과 딸 - 에서 - 나. 우리는 하와이를 찾은 (섬) 많이 붐비지 않는 다른 계절 과 수도 있습니다. 우리가 간 곳은 상대적으로 한적한 해변 을 찾는 많은 일광욕을 즐기고, 수영 및 스노클링. 가장 좋은 집 을 더 해주는 일, 할 수 있는 놀라운 만 바로 앞에 또 다른 어떤 스노클링 및 kss 있다. 또한, 선택할 수 있는 풀장을 즐기기, 라운지 주변에 있었으며, 파라솔 아래 에서 읽기 또는 25,000idr. Kss 조용한 가지 놀라운 점은 길 건너에 있는 주차장도 이제 폐쇄 이후 전통 종교적 테두리. 이산 가족 상봉 을 수용 하기에 충분히 큰 kss 하는 곳에 충분히 넓은 개인 공간이 있지만 아직 그 자체. 4 주방, 거실 베란다와 많은 거대한 저녁 식사를 즐길 수 있는 일몰을 볼 수 저녁 식사 테이블 (본 녹색 flash). 우리는 많은 식당들이 근처에 가, 마음에 드는 것은 우리가 할 수 있는 주방에서 요리하는 거대한 그릴 요리를 좀 풀 테라스 또는 사용에 스테이크 또는 바나나 리프 물고기 (바나나 나뭇잎 호텔 바로 옆에, 모두 신선한 생선, 야채, 열대 과일 의 신선한 농산물 시장이 있길. 함께 떠나는 이야기 의 만타 가오리, 뱀장어, 돌고래, 거북이, 재미있 싶어요. 좋은 시간 좋은 음식과 음료 에 친구들과 가족과 함께! 전체적으로 우리는 우리의 다음 여행을 함께 가지고 있는 코나클리라 슈가 쉑 하며 더",숙박 날짜: 2017년 5월
Kona Hula Girl,Kermit2010,4.0,사랑스럽고 평화로운,"코나 훌라 걸은 코나의 교통 및 번잡함에서 언덕 위에 있습니다. 평화로운, 깨끗하고 아름답게 꾸며진 5 개의 쾌적한 스튜디오 스위트는 각각 멋진 바람이 불고, 구내 세탁 시설이 있으며, 파티오 / 바비큐 공간이 마련되어 있습니다. 비치 타월뿐만 아니라 해변에 가져갈 수있는 쿨러, 비치 체어 및 부기 보드도 제공합니다. 소유주 Dean과 Sherri는 사랑스럽고 우리는 우리의 체류를 철저히 즐겼습니다.",숙박 날짜: 2020년 2월
Kona Hula Girl,Donna_J2205,5.0,방문 할 때마다 여기 머물러 있습니다.,코나 훌라 걸과 주인공을 사랑해. 그래서 편안해. 사진은 그 자리에 있으며 우리가 빅 아일랜드를 방문 할 때 우리가가는 곳입니다. 티 없는! 우리가 가장 좋아하는 해변 공원과 코나 인에서 언덕까지의 편리한 위치 - 아름다운 코나 일몰을 감상하기에 완벽한 장소. 또 다른 완벽한 방문을 가져 주셔서 감사합니다. 다음에 봐요!,숙박 날짜: 2018년 10월
Kona Hula Girl,Donna_J2205,5.0,늘 그렇듯이 훌륭한 숙박,"우리는 여러 번 코나 훌라 걸 (Kona Hula Girl)에 머물렀고, 그것은 코나에있는 우리의 갈 곳입니다. 호스트 딘 (Dean)과 셰리 (Sherri)가 최고이며 빅 아일랜드를 방문 할 때 항상 따라 잡는 것이 즐겁습니다. 그들은 모든 손님이 환영받는다고 느끼게합니다. 객실은 뽀얀이며, 위치는 섬 탐험에 편리합니다. 우리는 코나 훌라 걸 (Kona Hula Girl)을 강력히 추천하며 다음 기회를 기대합니다.",숙박 날짜: 2017년 9월
Kona Hula Girl,tightwadtraveler,5.0,지내기 좋은 곳!,"전체적으로 깨끗하고, 좋은 가격, 좋은 위치, 편안한 침대 & 통풍이 잘되는 방, 부엌이 갖춰져 요리, 넓은 방, & 매우 도움이 주인. 정말 감사의 수건, 부기 보드, 냉각기, & 잔디 의자.",숙박 날짜: 2017년 5월
Kona Hula Girl,jojo7213,5.0,12-1월 22일 2017,"우리는 이곳에서 10일 플루메리아 룸. 우리는 우리의 선택에 만족 할 순 없다. 원하는 모든 것을 할 수 있었는데. 방은 매우 깨끗했고 도착했을 때. 하지만 아직 은 거리가 가깝지 만 먼 거리의 소음, 5 는 - 10분 정도 걸으면 레스토랑과 바. 주인 제공된 냉각기, 해변용 의자, 부기 보드, 비치 타올도 좋았어요. 우리는 거의 매일 밤 바베큐 저녁 바비큐 에 데크 테라스 테이블에 앉아 음료를 마실 우리의 저녁 식사. 우리는 우리의 다음 여행에서 큰 섬에 꼭 다시 이곳을 강력히 추천 합니다. Greg 조안",숙박 날짜: 2017년 1월
Grand Naniloa Hotel Hilo   a DoubleTree by Hilton,Seungho Shin,5.0,깔끔한 디자인의 훌륭한 위치와 시설,"사실 이 호텔에 별을 5개 준 이유는 무료 골프 라운딩이 가는하였다는 것이다. 골프채 대여도 무료, 볼도 무료 사용, 단지 카트 사용료만 지불하고 즐거운 라운딩, 물론 리조트 피 30불을 내었지만 발레 파킹피에 웰컴 칵테일을 2잔 제공해 주니 다시 힐로에 온다면 반드시 여기에 묵을거다.",숙박 날짜: 2019년 12월
Grand Naniloa Hotel Hilo   a DoubleTree by Hilton,dingting2019,4.0,만족스러웠습니다,일단 프론트에 뷰가 정말 아름답습니다 그리고 yuko 매니저 정말 친절해서 기분이 좋았습니다. 힐튼 회원은 무료 생수와 웰컴쿠키 받았습니다. 위치도 쇼핑몰과 가깝고 주차장 넓습니다.방깨끗하고 뷰도좋아요!,숙박 날짜: 2019년 10월
Grand Naniloa Hotel Hilo   a DoubleTree by Hilton,Destination298774,4.0,The location was good,힐로에서 관광하기에 좋은 위치에 있었습니다 공항에서도 근접하고 유명식당및 관광지도 근방에 있어 도움이 되었습니다 전체적으로 깔끔했어요,숙박 날짜: 2019년 7월
Grand Naniloa Hotel Hilo   a DoubleTree by Hilton,pk516,4.0,힐로 나릴로아 힐튼,힐로는 두 번째 방문으로 올 때마다 느끼는 것은 조용한 시골동네 같은 느낌입니다. 사람들도 소박하고 주변에 구경할 곳도 많습니다. 호텔 안에 마이크로웨이브와 소형 냉장고가 준비돠어 있어 햇반이나 간단한 식사를 할 수 있습니다. 직원들은 전반적으로 친절하고 처음에 왔을 때는 셀프 주차이지만 지금은 발랫 파킹으로 바뀌었습니다. 아무튼 힐로에서는 가장 좋은 숙박시설로 생각됩니다. 다음에 다시 와도 이 호텔에 숙박하려고 합니다.,숙박 날짜: 2018년 2월
Grand Naniloa Hotel Hilo   a DoubleTree by Hilton,물푸레나무,4.0,Grand Naniloa Hotel,"힐로에서 3박을 묵었으며 2층으로 방을 배정받았는데 처음에는 바깥 경치가 안 좋을 것 같아 걱정했으나 발코니 밖으로 바닷가가 바로 보여 오히려 더 좋았다. 바다 멀리 방파제가 있어 파도가 세지 않아 파도가 호텔까지 올 걱정은 없었다. 방에 전자레인지가 있어 밖에서 조리용 음식을 사 와서 방에서 데워 먹으니 편리했고 호텔 내 세탁시설이 있어 좋았다. 단, 25센트동전만 사용이 가능해서 좀 불편했는데 로비로 가서 동전을 교환하는 수고가 필요하다.",숙박 날짜: 2018년 1월
Volcano Hideaways,Kat597,5.0,가족과 함께 할 수있는 좋은 장소,4 인 가족을위한 넓은 집. 우리는 잘 갖춰진 부엌을 즐겼고 주인은이 지역의 친절하고 지식이 많았습니다. 화산 국립 공원과 그 측면에있는 모든 것 가까이에있는 좋은 방법. 빅 아일랜드,숙박 날짜: 2017년 8월
Volcano Hideaways,HeatherSidney,4.0,"완벽한 위치, 품위있는 호스트, 좋은 숙박 시설","우리는 메이드의 숙소 (Volcanoes National Park에서 불과 5 분 거리에있는 귀여운 1 베드룸 1 욕실 하우스)에서 5 박의 숙박을했습니다. 그것은 깨끗했다, 우리가 머무르는 데 필요한 모든 것, 전체 부엌을 포함하여 (비록 냉장고가 작은쪽에 있음에도 불구하고). 주인은 좋았고, 우리가 경험했던 1 개의 이슈를 매우 잘 처리했다. 불행하게도 우리는 중앙 열이 없으면 난로 가열 장치가 우리를 충분히 따뜻하게 만들 수 없다는 것을 발견했기 때문에 별 하나를 꺼 냈습니다. 그러나 우리가 감기에 민감하지 않으면 문제가되지 않을 수도 있습니다.",숙박 날짜: 2017년 11월
Volcano Hideaways,katg1004,5.0,머물기 좋은 곳,"우리는 9 월에 메이드 쿼터 (Maid 's Quarters)에 머물렀고 사랑스럽고 편안한 숙박이었습니다. 그것은 Big Island와 그것이 제공해야하는 누구나를 탐험하기 위해 가정에서 기초를 뒀다. 하와이 화산 국립 공원에서 단 1.6km 떨어진 곳에 우리는 화산과 칼데라를 밤낮으로 여러 번 볼 수있어 대자연의 경이로움을 경험할 수있었습니다. 우리는 또한 검은 모래 해변, Waipi'o Valley Overlook, Hilo의 레스토랑, Kona Coffee Living History Farm, 하와이 용암 보트 여행 및 용암 밭에서 합리적인 운전을했습니다. 메이드 쿼터 (Maid 's Quarters)는 화산의 안락한 마을에서 친밀하고 편안한 오두막집입니다. 거실의 목재 벽난로가 저녁 차가에서 떨어져 나 가려고 편리합니다. 주방에는 식사를 준비하는 데 필요한 모든 필수 요소가 있습니다. 일요일에 거기에 계시다면 화산 농부 시장에 가셔야합니다. 이 지역의 지역 문화에 대한 완벽한 소개입니다.",숙박 날짜: 2017년 9월
Volcano Hideaways,PuffleIreland,5.0,화려한 비가 좀!,"오마 의 은신처 를 빌렸고, 또한 진찌로 아주 마법 같은 열대의 은신처 이다. 이것은 정말 아늑한 아늑한 공간, 많이 관심이, 사랑이, 모든 상호 작용을 주인 todd 매우 즐거운 간단하고. 위층 침실 로프트 에 가장 편안한 침대까지! Chalet 없는 외부 공간인, 하지만 다시 말하지만 저희가 그곳에 있는 내내 비가 왔지만 (열대 우림 이, 모든), 그는 하지 않았다 - 이외의 다른 것들을 말리 어 수 없습니다. 화산 은 매우 장소를 발생하지 않습니다; 저희가 찾는 음식, 힐로 가기 전에 코나에 들르는 슈퍼마켓에서 나올 수 있나.",숙박 날짜: 2016년 4월
Volcano Hideaways,LindaFraubie,5.0,Tlc 및 멋진 분위기,"우리가 예약한 오마 haunani 의 숨겨진 2박 투숙한 친구 8 집 이고. 이 완벽한 위치, 조용한 전용 도로, 근처에 있는 식당과 식료품점, 두 분 과 국립공원 입구. 우리를 환영하는 많은 좋은 정보를 바로 토드 게 느꼈다. 이 집의 주인이 할 수 있게 편안했어요. 우리는 이 가스 벽난로, 추운 2월 였습니다. 두 집은 세세한 것까지 장식되어 있으며, 멋진 감동을 haunana 및 토드 건출술학의 추가되었습니다. 저렴한 열대 우림의 멋진 집에 이. 나는 주저 없이 다시 예약을 할 것입니다.",숙박 날짜: 2016년 2월
Kona Reef Resort,aloha235,3.0,프런트는 빨리 마감해요.,프런트는 빨리 끝나서 오후5시 이후는 레이트 체크인이 됩니다. 레이트 체크인이라 프런트 앞에 있는 전화로 연락을 했는데 전부 영어에다..너무 빨라서..영어를 못하는 저에겐 곤욕이더군요..결국 대화 도중에 통화가 끊어져서 호텔 청소하시는 분에게 도움을 받았습니다. 영어를 못하는 분은 추천할만 호텔이 아니네요.,
Kona Reef Resort,６３,4.0,편리하고 저렴해요.,이번 여행에서 콘도미니엄을 처음으로 이용했습니다. 호텔에 비해 숙박비용은 크게 다르지 않는데 실내도 넓게 자유롭게 이용할 수 있어 개인적으로 여행하시는 분에겐 추천입니다. 걸어서 ABC나 음식점도 있어서 전혀 불편함을 느끼지 않았습니다. 입지도 바로 앞이 바다여서 경치도 즐길 수 있는 좋은 시설입니다.,
Kona Reef Resort,ankomama,4.0,일몰이 멋있어요.,숙박하는 동안 매일 일몰을 봤습니다. 정말 아름다웠습니다. 풀장 주변에는 바베큐도 할 수 있어 편리합니다. 입지도 괜찮고 시설도 괜찮고 넓고..나무랄 데 없이 좋았습니다.,
Kona Reef Resort,William G,4.0,아주 좋아,"도시와 매우 가까우며 대부분의 요구에 걸을 수 있습니다. 깨끗한 수영장, 전망이 훌륭하고 바베큐가 있으며 공항에서 접근 할 수 있습니다. 주차 장소만을 고려하여이 위치를 추천합니다. 때로는 주차가 어려워서 여러 수준을 확인해야했습니다.",숙박 날짜: 2020년 2월
Kona Reef Resort,xxjensen,4.0,"훌륭한 위치, 친절한 직원",우리는 우리의 아파트와 수영장과 온수 욕조 지역을 최고의 레스토랑과 편의 시설까지 도보로 즐겼습니다. 직원들은 매우 도움이되었습니다. 월요일에 투어 회사 프리젠 테이션은 매우 도움이됩니다,숙박 날짜: 2019년 6월
Alii Kane Cottages,Davina U,5.0,단순히 훌륭합니다!,"우리는 작년에 여기에 머물렀다 - 우리 단 한 개의 유감은 우리가 단지 하룻밤 머물 수있다라는 것이다! 위치는 완벽하며 Alii Kane을 운영하는 부부는 매우 친절하고 은혜 롭습니다. 우리 오두막집의 냉장고는 심지어 그것에 약간의 음식을 품었다. 우리가 밤늦게 도착했을 때부터 우리는 정말로 감사했다! 침대는 편안하고, 전체 오두막집은 매우 깨끗하고 주인은 당신을 집에서 매우 편안하게 느끼게합니다! 우리는 그 다음날 (그리고 밤) 공원을 보는 것에 관해 그들에게서 훌륭한 팁을 얻었다. 이것은 진정한 오아시스입니다! 여기있어!",숙박 날짜: 2018년 3월
Alii Kane Cottages,Jana M,5.0,환상적,훌륭한 위치에 쉽게 도착할 수 있습니다. 나는 딸과 남편과 함께 거기에 있었고 우리는 다락방이있는 코티지를 가지고있었습니다. 아주 멋지게 꾸며져 있고 잘 갖추어져있었습니다 (우리는 난방을 좋아했습니까?). 나는 그 숙소를 추천한다.,숙박 날짜: 2018년 12월
Alii Kane Cottages,Samantha H,5.0,놀라운 작은 숨겨진 오아시스,"어느 날 밤 여기에 있었어. 날 동안 국립 공원을 할 예정이었다. 그러나 폐쇄 때문에 우리는 헬리콥터 비행을했고, 지역 주위를 탐험했다. 호스트는 도착했을 때 모든 화산 관련 정보와 우호적 인 날씨로 우리를 최신 상태로 유지하는 데 큰 도움이되었습니다. 오두막은 우리가 즐거운 체재를 위해 필요한 모든 것에 컸다. 우리가 돌아 왔으면 여기에 다시 머물러있을거야. 그것을 사랑",숙박 날짜: 2018년 6월
Alii Kane Cottages,TomSchlagel,5.0,"훌륭한 위치, 무성한 열대성 지대!",우리는이 호텔에서 최근 3 박 숙박을 즐겼습니다. 소유자는 매우 도움이되고 수용 할 수 있습니다. 객실은 매우 깨끗하며 숙박을 즐기기 위해 필요한 모든 것을 갖추고 있습니다. 그것은 하와이 화산 국립 공원과 화산 마을을 방문하기에 좋은 장소입니다. 이 숙박 시설은 매우 조용하고 조용합니다. 우리는 다시 여기 머물 것이다!,숙박 날짜: 2018년 1월
Alii Kane Cottages,Markus_Ldn,5.0,화산 국립공원을 방문하는 최고 수준의 훌륭한 위치 ,"베이스 캠프 에서 하룻밤의 화산 국립 공원 탐색. 별장은 아름답고 필요한 모든 것을 제공하는, 매우 친절한 호스트 를 포함해서. 숙소는 넓기도 하고, 좋은 야외 공간 등 모든 편의 시설. 저는 이곳을 다시 올 일이 더!",숙박 날짜: 2017년 9월
Hilo Bay Hostel,Ms. Wolf,5.0,힐로에 머무르는 환상적인 장소!,"이곳을 찾게되어 너무 기쁩니다. 훌륭하고 친절한 직원으로 깨끗하고 안전합니다. 나는 여자와 남자의 샤워와 욕실이 완전히 분리되어있는 것을 좋아합니다. 그리고 한 번에 호텔이었던 호스텔은 아름다운 목공예로 꽤 매력적입니다. 나는 거기에 머 무르라고 제안 할 것이다. 아, 거기에있는 동안 길을 따라 파인애플 섬 신선한 요리 레스토랑으로 걸어가십시오. 멋진 메뉴, 라이브 음악, 쾌적한 직원 및 야외 환경.",숙박 날짜: 2019년 10월
Hilo Bay Hostel,Alexandra,5.0,하와이의 집,"놀랄 만한. 힐로 베이 호스텔은 우리 여행의 하이라이트 중 하나였습니다. 새로운 주인 Stanley는 우리가 처음 도착했을 때 가장 따뜻한 환영을주었습니다. 호스텔은 공간이 넓고 아늑하고 깨끗하며 부엌은 크고 재미있게 요리 할 수 있으며 무료 커피가 있으며 위치는 도시에서 가장 좋습니다. 인근 커피 숍, 식료품 점, 레스토랑 및 바다가 도보로 1 분 미만 거리에 있습니다. 매일 아침 창문에서 일출을 볼 수도있었습니다. 하와이의 가격은 공정하고 저렴합니다. 우리는 2 박을 머무르고 일주일 동안 조금만 머물렀다 고 가정했습니다. 사람들은 매우 친절했고 호스텔의 레이아웃은 새로운 사람들을 만나기가 매우 쉽습니다. 호스텔은 조용하고 분위기가 좋은 곳입니다. 무료 Wi-Fi도 제공됩니다. 우리의 경험을 좋아했습니다. 이곳에 머무르는 것을 추천하지 못했습니다. 스탠리는 그의 마음과 영혼을 이곳에두고 있습니다. 좋은 장소, 더 나은 추억과 친절한 호스트들에게 건배!",숙박 날짜: 2019년 9월
Hilo Bay Hostel,hollyannethody,5.0,"큰 숙소, lovely 한 사람.","나는 밖으로 날기 전에 두 밤 동안 머물렀다, 나는 역사적인 건물을 사랑한다. k는 굉장합니다. 매우 친절한 직원과 깨끗한. 이층 침대는 크고 깨끗한 곳이었고 포터에게 좋은 위치였습니다. 감사합니다!",숙박 날짜: 2019년 4월
Hilo Bay Hostel,Patrick B,1.0,"알프스, 무분별한 직원 / 쓸데없는 사람, 건물을 달리는 것",나는이 날카로운 숙소에 나의 비행이 늦었을 것을 알렸다. 그리고 수행자는 그들이 9 : 30 pm까지 기다릴 것이다라고 말했다. 나는 9시 45 분까지 거기에 도착할 수 없었고 잠긴 문을 찾기 위해 도착했다. . . 더 이상의 지시 사항은 없습니다. 이것이 사실이 될 것이라고 말하지 않았고 논리적으로 수행자가 떠났음을 전제로합니다. 많은 스트레스를 겪은 끝에 마지막 순간 숙박 시설을 찾을 수 있었지만 다음날 예약 된 시간 중 어느 것에 대해서도 환불을받지 못한다는 말을 들었습니다. 그리고 그들은 내 통제를 벗어난 적대적인 여행 환경에 대해 신경을 쓰지 못했습니다.,숙박 날짜: 2018년 8월
Hilo Bay Hostel,Sean M,3.0,별로 나쁘지는 않아.,"Hilo Bay Hostel은 Hilo 자체의 훌륭한 예입니다. 카리브 해의 분위기, 조금 기발한 것, 조금 흐른 것. 위치는 매우 좋습니다 : 무지개 폭포 근처, 레스토랑과 상점, 비교적 가까운 해변. 우리는 2 개의 더블 침대와 함께 방에 머물렀다. 그리고 그것은 합리적으로 깨끗했고 광대했다. 그러나 공기 죄수 (핸디 힌트 : Hilo의 매일 비가 내린다. 그래서 습도를 벗어날 수 없다.)없이 조금 뜨겁고 습기가 있었다. 이 장소에 대한 다른 리뷰는 사실입니다. 노인 인구가 꽤 많습니다. 그들은 각각 호스텔 (부엌, 욕실 등)의 영역에 책임이 있으며 특정 사물에 대해 매우 특별 할 수 있습니다. . . 부엌 시간은 불필요하게 엄격하다. 그리고 우리는 심지어 오전 7시 이전에 냉장고에서 우리 음식을 붙잡을조차 수 없었다. 우리가 체크 아웃 할 수 있기 전에 직원이 깨어나 기 위해 30 분을 기다려야했다 (오전 7시 이후에, 책상이 유인되기로되어있을 때). 작은 일이지만 고객 관리는 먼 길을 갈 수 있습니다. 보안이 취약한 부분은 다른 리뷰에서 언급되었지만 변경되지 않은 코드로 주 문을 열 수 있습니다. 우리 개인 방에는 자물쇠가 있었기 때문에 이것이 우리에게 영향을 미치지는 못했지만 기숙사의 문제인 것을 알 수 있습니다. 전반적으로 여기에 머물러야 할 이유는 없지만 때때로 미국의 공포 이야기 - 때로는 독특한 분위기가있었습니다.",숙박 날짜: 2018년 7월
Fairways at Mauna Lani,ashrun4fun,5.0,이 건물은 정말 완벽한 곳! 비밀 … 쉬! ,"내가 좋아하는 것들? 해변이 도보 거리에 있다. 아름다운 모래사장, 수영 호수, 스노클링, 해변까지 걸어서. 객실은 사랑스러운. 화강암, 타일, 큰 마스터 욕실, 업데이트된 장치, ba 가 2 br 2 천장은 키가 큰 2층. 알고 있어서 각 건물의 배치하지 않는 다른 사람의 노려보 지내다가 베란다 또는 침실. 개인적인 장치가 있다. 저는 제가 좋아하지 않은 보는 다른 사람의 침실. 항상 계속 창문이. 나는 하와이에서 밖을 볼 수가. 베란다와 같은? Br 2.5 ba 2 안. 베란다 의 크지 않은. 이는 커다란 나무 가 좋은 2 베란다 2 br ba 코아 게시물. 3 br 하는 너무 좋을 것 같아요. 페어웨이 에서 몇 번 보았는데 계속 돌아오 한다. 이 아름답고 편안한 느낌. 제가 본 것이 하나도 없고 수영장에서 검토합니다. 하고 있는 것. 하하하. 움, 제 3의 사랑. 수영장은 아이들이 하는 일은 거의 전체가 아주 심하다고. :) 내 말을 오해 하지 마십시오. 아이들이 있다. 이 미친 집 의 아이들의 엄마가 아닌 한 사람들을 나누기 (및 의무를 때문에). 이곳은 천국 이다. 보석 같은 곳. 말하지 않는 사람. :)",숙박 날짜: 2017년 3월
Fairways at Mauna Lani,Mitch R,4.0,하와이 휴가 ,"좋은. 임대 콘도. 조용하고, 마우나 라니 비치 클럽 액세스할 수 있습니다. 걸어서 갈 수 있는 레스토랑. 수영장과 온수 욕조가 있습니다. 부드러운 있었고 많은 안락 의자. 좋은 날씨 였다.",숙박 날짜: 2017년 2월
Fairways at Mauna Lani,Maps662705,4.0,여기는 정말,"제 아내는 정말 코나 콘도 용 었다, 우리는 페어웨이 하는 다행이다. 이 콘도는 매우 좋은, 모든 시설이 다. 아름답게 꾸며진, 많은 장비 이다. 개인 해변, 식료품을 살 수 있습니다. 우리는 여기에 행복. 유일한 불만은 욕실, 로우 워터마크에 대해 사용할 수 있습니다. 수세식 화장실 이 3 시간 즉, 물이 많이 사용할 수 있습니다. 우리는 시내에서 약 1시간, 그래서 우리는 우리의 여행 계획을 따라. 그 단점. 전반적으로 좋은 곳에 위치. 하는 것이 다.",숙박 날짜: 2017년 2월
Fairways at Mauna Lani,marz2008,4.0,좋은 곳!,"처음에 있었는데 그 실현 이지만 전용 비치 클럽 비치 액세스할 수 없습니다. 차라리 그곳에 있지만 좋은. 좋은 스노클링. 가족을 위한 곳이 cindos. 넓고 다양한 시설이 야외 바베큐 수영장, 등이 있습니다.",숙박 날짜: 2017년 1월
Fairways at Mauna Lani,CohoJohnny,5.0,큰 섬 여행,"빅 아일랜드에 묵었는데 우리 여행 콘도에서 공정한 방법이 라니 manuna. 좋은 조용한 지역의 골프장, 콘도, 호텔 및 두가지. 조용한 리조트 지역에 많은 정체 적 waikola. 가게들이 있어서, 레스토랑, 그리고 상점에. 좋은 수영장 시설과 좋은 비치 클럽 비치 액세스할 수 있습니다. 콘도에서 좋은 시간을 보내는 것인데. """,숙박 날짜: 2016년 10월
At the Craters Edge,Kathy N,5.0,서비스와 위치는 좋았습니다!,"즐거운 경험! Eric 크리스는 유쾌한 직원들! 우리는 너무나 아름다운 - 이렇게 가까운 곳에 화산 국립 공원. 방은 깨끗하며, 두 방의 베란다 즐기는 분위기. 주인도 간섭하지 않, 문에 노크를 할 수 있지만 필요한 것을 요청. 화려한 프레젠테이션에도 동요하지 모든 부정적인 말 이전 리뷰. 새 오너들이 좋은 분이 공유하는 오아시스!",숙박 날짜: 2017년 6월
At the Craters Edge,Jodi S,5.0,아름다운 휴양지!,"화산 에 있는 아름다운 곳 입니다. 좋은 가구, 훌륭한 환대. 맛있는 음식이 신선한 아침 식사, 기대도 안 했는데. 깨끗하고 주변에 windows 전용임 불구하고. 커플들에게 추천합니다!",숙박 날짜: 2017년 5월
At the Craters Edge,Jane M,5.0,레인포레스트 리트리트,앳 더 크레이터스 에지 있는 아름다운 열대 우림의 화산. 화산 국립 공원 마을 액세스할 수 분 떨어져 있다. 방은 시설 자체 의 아침 식사 시간을 즐길 수 있는 환상적인 바나나 빵. 열대 우림 은 기억이 있어서 비가 되어 있지만 비 재킷 은 우산이 필요로 할 때! 로맨틱한 장소인.,숙박 날짜: 2017년 3월
At the Craters Edge,Jane S,5.0,조용한 거점 vnp!,"짧은 기간이지만 우리가 묵은 분화구 의 가장자리. 가든 스위트 하이쿠 를 선택했는데 - 와우. 정말 위의 가장자리에 있는 것 같은 느낌이 있고 창문과 발코니가 있고 열대 우림 이다. 비가 오는 밤에 잠을 잘 넣어주세요 온수 욕조, 너무! 홈메이드 바나나 빵 도 좀 마실 수 있는 냉장고도 갖춰져 있는 방에서 처리합니다. 이건 정말, 정말 조용 합니다. 가능한 우리를 위해, 우리는 매일 일찍 일어나기 때문입니다. 위치해 이길 사람들이 힐로 에서 오는 버스를 탈 수 있다. 우리는 이곳에 다시 머물고 싶은 곳, 가 볼 기회를 가지지 한다.",숙박 날짜: 2016년 10월
At the Craters Edge,whizzylala,5.0,"b&b 아주 특별한, 독특하고 아름다운!","사랑스러운 일이 몇 가지 있기 때문에 우리의 남부의 큰 섬. 쉽게 찾아 어둡게 한, 아주 사랑스러운 욕실이 잘 갖추어 져 있는 아름다운 주변 환경. 편안한 침대, 좋은 와이파이. 사랑스러운 신선한 과일, 케이크 및 잘 갖추어 져 있어야만 의 아침 식사, 스낵 및 음료. 커피 머신과 전자 레인지. 화산 국립 공원이 매우 짧은 드라이브 거리에 있는 용암을 볼 수 있는 환상적인 경험. B&b 의 음식점에 걸어서 갈 수 없습니다. 대부분의 가로등 도 없는 종료 8ish. 평화로운 휴양지 를 적극 추천합니다.",숙박 날짜: 2016년 8월
B B Big Island Bed   Breakfast,Wilfried R,5.0,낙원을 경험하고 …,"훌륭한 숙박 시설! 마카다미아 가 세 성인 방, 깨끗하고 편안한. 아침 식사는 훌륭했고, 직원들은 친절하고 도움이 많이 되어서 좋았다. 마카다미아 너트 ' 먹을 수 있는 '.",숙박 날짜: 2017년 2월
B B Big Island Bed   Breakfast,RE E,3.0,적절한 장소에서 남쪽으로 -- 로맨틱해보였어요!!!,"우리는 이곳에 하룻밤 11월 2016. 메인 하우스는 정말 호스트, 해당 일자의 특성상 숙박 요금이 $119 정당화 가 힘들지 + 수 있습니다 (- 세금 포함 $130) 이것을 하는 숙박 시설이 있는 지역에 - - 하지만 가격과 맞지 않는 이 숙박시설 항목이라 오래된, 아니 필요 수리). 우리는 우리의 주인은 믿을 수 없을만큼 사랑 했고, 친절한, 쉬울 뿐. 또한 목적 입니다. 저는 새 주인들이 이해 전환하는 과정에 있습니다. 무엇을 요구 할 수 있는 시설은 기능적이고. 할 수 있는 침대, 샤워실이 (말을 작동 및 아침 식사를 합니다. 하지만, 여전히 많은 일들이 이 시장 이 가격을 정당화 하고 있는 고급스러운, 낭만적인 휴양지. 좋은 점: - 아름다운 근거 - 메인 하우스는 아름다워 - 잘 꾸며진 (사랑하는 것이다! ) - 믿을 수 없을만큼 수용 호스트, 함께 좋고 쉽게 - 아침 식사는 개인, 맛있고 건강한. 쉽게 좋았던 숙박 - 다양한 마카다미아 너트 양의 munching 의 즐거움 나쁜 점: - 메인 하우스는 동안 아름다운, 오래된 건물은 침대와 아침 식사, 오래된 수리가 필요해. 방은 기본적인 호텔 객실 처럼 느껴지지 한다. 기본적인 가구, 린넨 커튼 일치하지 않는, 이상한, 혼합 및 가구와 배관. 예를 들어, 샤워는 뜨거운 물을 잘못 plumbed 떠나고 싱크가 샤워하는 동안. 마찬가지로, 샤워는 수압과 간단한 기본적인 기능이 부족한 기존 설비 /. - 방에 있는 가구들은 오래된, 오래된 불일치. 또, 기능, 가격이지만 피팅 - 방 자체는 매우 기본적인",숙박 날짜: 2016년 11월
B B Big Island Bed   Breakfast,Melissa B,5.0,더 오래 머물고 싶 었습니다!,"위치는 관광하기에 좋은 출발점이 섬의 남부, 화산 등. 더 오래 머물고 싶었던 인상을 시간 이었기 때문에 더 이상의 드라이브 /. 우리 방은 (생형) 되지 않은 시간을 보낼 수 있는 가장 편안한 곳 -- 를 선택하여 하드 의자 또는 본 - 더 작업일이 침석 -- 하지만 메인 하우스와 만 사랑스러운 베란다 창문 들 과. 매일 아침 식사는 맛있었습니다! 가 도착했을 때, 주인 이(가) 되지 않은 작업 / 오차드 팜 정말 피분석물.",숙박 날짜: 2016년 2월
B B Big Island Bed   Breakfast,GlampingGalForever,5.0,"사랑스러운, 평화로운 한 서비스와 시설로...","우리는 정말 즐거운 숙박이 찾는 섬 남쪽 끝의. 최대 수의 침대는 편안하고, 전망이 있는 매혹적인, 맛있는 아침 식사... 직원들은 친절하고 매력적이고. 우리는 다시 묵을 가장 확실하게... 우리는 섬에서 최고의 시간 들... 친구들과 가족들이 이 매혹적인 것을 꼭 가봐야 할 곳...",숙박 날짜: 2016년 1월
B B Big Island Bed   Breakfast,Alicia B,4.0,"어, 하지만 사랑스러운","저희는 이틀 밤을 이 침대와 아침 식사가 여행의 큰 섬. 이 거대한 변화의 코나, 이틀 밤을 보내고 있는 이전. 위치는 화려한, 아주 먼 경우: 마카다미아 넛 농장 건물에 위치하고 있는 작업, 닭 몇 가지를 통해 자유롭게 다니는 동물 및 기타 변경다른 빈. 있어, 풀장과 테니스 코트를 사용할 수 있는, 스위트 스타일의 객실에는 tv 및 무료 무선 인터넷. 우리가 머무는 동안, 새 주인은 오래된 곳, 그래서 이 사랑스러운 로빈 에 의해 호스팅되는 david, 지역 주민들. 그들은 우리가 섬에서 할 수 있는 최고의 아침 식사, 지역에 대한 이야기를 들고, 지, 섬이 일반적으로. 내가 여기 유일하게 있는 주변 지역 naalehu 불만, 가는 마카다미아 메도우즈, 조금 면광원과. 사랑스러운 침대와 아침 식사를 하는 동안, 있는 것은 없다는, 레스토랑을 않을때 수 있습니다. 이 경우 사우스포인트 에 위치한 그린 모래 해변을 방문하거나, 코나에서 한시간 이상하긴 했지만, 화산, 그리고 힐로, 더 많이 드는 고객 중심. 한편으로는 다행 하는 대신 이곳에, 우리는 한 더 보고 싶은 인적이 뜸한 곳이 섬에서, 이 경우의 최고의 경험들을 찾고 있다.",숙박 날짜: 2016년 1월
Kona Billfisher,Mess1968,4.0,잘있어!,무례한 사람을 제외하고 위층에서 휴식을 취하십시오. 우리는 직원 관리자 인 Liz를 즐겼습니다. 그녀는 매우 개성이 있었고 우리는 우리의 체류를 매우 멋지게 만들었습니다. 남편과 나는 일주일 동안 여기에 머물렀다. 우리는 코나에서 정말로 즐거운 시간을 보냈습니다. 우리는 확실히 Kona Billfisher에 다시 머물 것이지만 다른 유닛을 요청할 것입니다.,숙박 날짜: 2019년 9월
Kona Billfisher,aclowery,5.0,머물 좋은 장소,깨끗하고 조용하며 마을과 가깝습니다. 가장 저렴한 가격. 수영장은 따뜻하고 매력적이었습니다. 숙소에서 다른 손님을 만나는 것을 좋아했습니다. 사이트 관리자는 심술 and 고 타 버린 것처럼 보였지만 나머지는 모두 훌륭했습니다. 나는 내년에 여기에 머무르고있다.,숙박 날짜: 2019년 8월
Kona Billfisher,travelhooker,4.0,"훌륭한 위치, 모든 걸 걸어보세요!","행복한 시간과 현지 음식을 선택할 수있는 워터 프론트 레스토랑이 많은 것을 좋아합니다. ! 대부분 Kailua-Kona의 숙박 시설이 낡은 것은 아닙니다. 당신이 공상을 원하지만 여기에 머물지 않지만 기본 사항 (에어컨, 수영장, WiFi, 커피 포트가있는 주방, 스토브, 풀 프릭 등)이 필요하고 어디에서나 걸을 수 있고 주차 걱정이 없으면 완벽합니다! 사무실에서 Liz에게 소리를 지르십시오. 직원은 Wi-Fi에 연결되어있는 직원과 함께 도움이되고 친절했습니다.",숙박 날짜: 2019년 8월
Kona Billfisher,theresa876,1.0,우리가 머물렀던 최악의 리조트,내가 질문에 대답 한 것 말고는 이 리조트는 추천하지 않습니다. 내 포인트와 비용을 지출 한 경우 가치가 없습니다. 위치는 훌륭하지만 유닛은 끔찍합니다. 냄새가 나고 가구가 오래되고 의심 할 여지없이 깨끗합니다. 침대가 불편하고 식기류가 불완전합니다. 노파 소동에도 불구하고 일주일 내내 단 하나의 테이블 스푼 만 있습니다. 카펫에는 얼룩이 있습니다. 전반적으로 우리는 리조트 단위에만 실망했습니다. 위치는 훌륭하지만 나머지는 나빴습니다. 나는 오히려 Royal Kona 또는 Marriot에 머물 렀지 만 이용 가능한 방은 없었습니다. 우리는 유닛이 매우 실망했기 때문에 휴가 중이라고 생각하지 않았습니다! ! !,숙박 날짜: 2019년 8월
Kona Billfisher,Exploration168164,1.0,뜨겁고 더러운,도착하자마자 유닛은 불결했습니다. 오후 5시 이후에는 직원이 없습니다. AC는 AC를 만지거나 벌금을 내지 말라고 지시하면서 80으로 설정되었습니다. 장치의 열로 인해 낮과 밤 모두 불편했습니다. 리조트보다 호스텔과 같은 활동은 없습니다.,숙박 날짜: 2019년 8월
Vista Waikoloa,공영 김,5.0,저렴한 가격에 풀빌라같은 넓은 객실!,"위치는 힐튼 와이콜로아 빌리지 근처에 있어서 라군이나 돌핀 구경 가기에도 좋습니다. 그리고 숙소는 당시 프로모션 가이긴 했지만, 하와이에서 이런 저렴한 가격에 풀빌라 같은 시설을 이용할 수 있어서 좋았습니다. 부엌에 가면 기본적인 취사를 위한 소금이나 후추 등의 양념이 있으니 마트에서 따로 사지 않으셔도 됩니다. 수영장도 가족끼리 즐기기 좋았고, 1층을 이용했었는데 야외에 테이블이 있어서 가든에서 음식을 먹는 기분이 들었습니다. 하와이 코나에 간다면 이곳을 방문하시길 추천합니다.",숙박 날짜: 2015년 7월
Vista Waikoloa,booger1234,1.0,"단위 A303 mothball, 흰개미 경고 !!","우리는이 유닛을 빌 렸고 우리가 걸었던 첫 순간부터 우리는 유독 한 악취로 날아갔습니다. 우리는 주인에게 전화를했는데, 그는 나방이 있다는 것을 부인했습니다. AC 흡입 인공 호흡기 옆에 모스 볼이 가득 찬 봉지를 발견했습니다. 우리는 머물려고 노력했고 창문을 열어 두어야했습니다. 우리는 떠나야했고이 날의 주인은 1100 달러 이상을 환불하지 않았다. 소유자는 정기적으로 airbnb에서 부정적인 게시물을 제거합니다. yelp 검토를 보거나 검증을 위해 airbnb를 확인하십시오.",숙박 날짜: 2019년 11월
Vista Waikoloa,Lyndoski,5.0,"깨끗하고 넓은, 아름다운 콘도","좋은 경험. Irena는 체크인 전 미리 알려 주었고 모든 질문에 대답하는 데 매우 능숙했습니다. 그녀는 체크인과 도착은 물론 우리의 체류가 원활하게 이루어 졌는지 확인하기 위해 열심히 노력했습니다. 주차비 및 리조트 요금 없음! 콘도는 우리가 이웃 사람을 전혀 듣지 않았던 조용했다. 나는 2019 년 5 월 초에 우리가 거기에있는 동안 많은 유닛이 비어 있다고 생각한다. 2 층과 3 층으로 갈 수있는 계단과 엘리베이터. 콘도는 넓습니다. 대형 마스터 욕조 욕조와 별도의 산책 샤워. 발코니가 크다! 완비 된 주방, 세탁기 / 건조기. 케이블 TV와 유닛에는 보드 게임과 책들이 비치되어 있습니다. 모든 시력이보고 난 후에 나는 단지 긴장을 풀기 위해 다른 주에 머물 수 있었 더라면 좋겠다고 생각해라! 우리의 숙박을 즐기며 좋은 가치였습니다.",숙박 날짜: 2019년 5월
Vista Waikoloa,1mark1,5.0,굉장한,"A 202에 머물렀다. 콘도는 매우 잘 임명되어, 다른 어느 곳에서도 머물렀던 것처럼 아름답게 꾸며져 있습니다. 아름다운 경관, 이웃 사람들로부터 매우 조용합니다 (부지가 아름답고 아름다움을 유지하기 위해 머무르는 동안 일해야만합니다.) 2 개의 베란다에는 넓고 소파, 커피 테이블, 회전 의자, 6 인용 식탁이 있습니다. 콘도는 디자이너가 완성 된 것처럼 보였고 우리는 심미적으로나 물질적으로 아무것도 원하지 않았습니다. 전망은 아름답고 침착합니다. 주인은 더 자비 롭고 세심하지 못했습니다. 콘도 전체에 방이 많이있어서 집과 같은 느낌이납니다. 매우 따뜻하고 매력적입니다. 나는 곧 다시 올 것을 고대하고있다.",숙박 날짜: 2018년 12월
Vista Waikoloa,LivinGreat808,4.0,나쁘지는 않지만 같은 지역의 더 나은 콘도에 머물 렀습니다.,"Vista Waikoloa에 5 박 동안 머물렀다. 전반적으로 좋은 경험 이었지만 약간의주의가 필요했다. 찬성 : 우리가 3 층에 가지고 있던 콘도는 훌륭한 전망을 가지고 있었고, 일몰을 위해 완벽했습니다. 콘도는 청결하고 잘 갖춰져 있었지만 다소 구식이었습니다. 당신은 해변까지 걸어 갈 수 있습니다. 여기 저기에는 해변 의자와 부기 보드가 있습니다. 대형 오픈 플로어 플랜은 우리 가족에게 완벽했습니다. 단점 : 제빙기 고장. 당신이 그것을 내릴 때까지 화장실은 하루 종일 꽉 눌 렸습니다. 샤워 헤드를 교체해야합니다. 시끄러운 지역, 많은 타일 작업과 낮 동안의 루핑은 건설 구역에 머물고있는듯한 느낌이 들었습니다. 전면 보안 게이트 입구쪽에 갔다! 하지만 출구쪽에 아직 문이 있었습니까? 당신이 얻는 것을 위해 비싼 값을 매길 수 있습니다. 비슷한 가격의 같은 지역에있는 다른 콘도는 훨씬 더 업데이트되고 조용합니다. 훌륭한 위치에 있지만 골프와 트로픽스 바 및 그릴과 힐튼 호텔까지 걸어 갈 수 있습니다. BBQ 지역은 좋았습니다, 수영장은 깨끗했습니다. 여기에서 다시 머무르기 전에 다른 옵션을 볼 것이다. 그러나 총체적으로 우리는 대부분의 기간 동안 우리 체재를 즐겼다.",숙박 날짜: 2018년 6월
Kona Makai,Denise B,5.0,아름답고 깨끗하고 좋은 위치,친구 콘도에 머물면서 부지가 무성하고 열대입니다. 전 세계에서 코나로 오는 사람들을 만나는 것은 훌륭한 경험입니다. 수영장은 바다 가장자리에 있으며 매일 밤마다 일몰을 보러 모입니다. 콘도는 도심 바깥에 위치하고 있으며 공항은 약 30 분 거리에 있습니다. 거기에 도착하는 6 시간의 비행의 가치가있는.,숙박 날짜: 2019년 11월
Kona Makai,Caren L,4.0,아주 편안한!,"우리는 VRBO를 통해 4104 호를 예약했습니다. 이 유닛은 주차장과 테니스 코트에서 떨어져 있습니다. 1 층 단위이지만 단지 중간에 있기 때문에 정원, 수영장 지역 및 일몰을 잘 볼 수 있습니다. 이 단지는 바다에 있지만 코나의 전형적인 해변은 없습니다. 수영장, 바베큐 및 공용 구역은 훌륭하게 유지됩니다. 우리 부대는 편안했고 필요한 모든 것을 갖추고있었습니다. 스노클링, 마스크, 핀, 쿨러 및 부기 보드도있었습니다. 수영장과 바비큐 구역으로 걸어가므로 이동성 문제가있는 사람에게는 적합하지 않을 수 있습니다. 샤워 시설이 있지만 욕조는 없습니다. 침실 하나와 소파가 있습니다. 마지막으로이 복합 단지는 쇼핑과 식사가 용이 한 중심에 위치하고 있습니다.",숙박 날짜: 2020년 2월
Kona Makai,Wahinegurl04,2.0,속삭임 만 허용됩니다,라나 이에 휴대 전화를 속삭이지 않으면라나 이에 올라 대화 할 수 없습니다. 아무도. 양철통. 오후 9시 이후에 LANAI를 켜십시오. 그들이 소음을 만들지 않는 한. 우리는 약 815 pm에 콘도로 돌아 왔고 모든 창문을 닫았고 에어컨이 켜져있었습니다. 우리는 단위로 TV를 가지고 있었다. 그리고 945 pm에 누군가 우리가 너무 시끄러웠다 고 불평했다 (아이가없는 4 명의 성인의 파티). 우리 콘도는 주차장 옆의 1 층에있었습니다. 당신이 여기 머무르면 콘도가 완전히 닫혀 있어도 소음이 나지 않습니다. 정말 휴가를 어렵게 만듭니다. 나는 이것 때문에 다시는 여기에 머물지 않을 것입니다. 다른 장소를 찾으십시오,숙박 날짜: 2019년 11월
Kona Makai,kdsims0410,5.0,그레이트 플레이스,"이것은 Konai Makai 콘도미니엄에서의 우리 두 번째 년이다. 그리고 다시 우리에게는 큰 체재가 있었다. 우리 단위는 제 3의 마루에 관한 6302이었다. 그러나보기는 믿어지지 않는다. 물에서 불과 몇 야드. 오전이나 저녁을 베란다에서 즐기는 것은 절대적으로 멋진 일입니다. 단위 자체에는 비치 의자, 우산, 국수 등 필요한 모든 것이 갖추어져 있습니다. . 주방이 완비되어 있으며 세탁기와 건조기도 구비되어 있습니다. 베버 그릴에서는 바다에서 직접 저녁 식사를 직접 요리 할 수 있습니다. 하와이를 통해 고래가 이주하는 것을보기 위해 가을에 다시 방문 할 것입니다. 멋진 휴가를 보내 주신 코나 마카이에게 감사드립니다.",숙박 날짜: 2019년 7월
Kona Makai,Awesomemom,1.0,고령자 만!,"코나에 대한 연 2 회 방문객으로서 나는 수많은 콘도에 머물렀다. 예, 그들은 모두 규칙을 가지고 있지만 코나 마카이만큼 엄격하지는 않습니다. 실제로, 우리가 거기에있는 동안 더 많은 규칙은 ""웅덩이에서 점프하지 않는 것""처럼 추가되었다. 나는 ""다이빙 없음""을 이해하지만 점프하지 않습니까? 수여 해, 우리는 울 혼자의 콘도 (긍정)에 단지 돌아 오는 가족의 부족 때문에 매일 떠나는 것을 끝내었다. 나는 수영장에서 몇 명의 주민들과 이야기를 나누었고 둘 다 말했다. ""코나 마카 이는 모든 규칙 때문에 은퇴 공동체가되었습니다."" 소유자가 ""체육관""으로 강요하는 ""체육관""은 순환이 거의없는 소소한 방에서 하나의 작동하는 러닝 머신과 녹슨 장비입니다. 그러나, 탁구대는 대단한 추가입니다! Kona Makai는 침묵을 원하고 우연히 문을 두드리지 않는 나이든 커플에게 가장 적합합니다 (규칙, 규칙 중 하나).",숙박 날짜: 2019년 6월
Hale Kukui,Eileen T,5.0,좋은!,"멋진 곳이었습니다. 전망은 전망을 방에서 인터넷으로 보면 (! ) 를 걷다 보면 오차를 통해 한층 폭 넓은 절벽 전망이 오션 뷰를 선택할 수 있습니다. 우리는 studio, 완벽한 크기였고 몇, 많은 방. 이나 습기가 많은 (적어도 우리가 2 월) 에 대한 준비해야 합니다. 욕조에 몸을 담그고 쉴 수 있는 정보 (제트 도 없이 다른 사람들이 언급한 것처럼). 아무 것도 없지만 조용하고 평화로운 전망과 :) 과일 의 오차를 재미있고 신선한 주스 는 아침 였다. 이 호텔은 작은 세부 사항, 커피가 제공 되지만, 무엇 이었고, 아주 좋았습니다. 정말 아무런 할 말이 지! 머물기 즐거운 곳 은 다른 것들이 하고. 저희는 차로 다녀서 많은 동쪽 섬 힐로 지역도 여기서 폭포. 우리의 긴 여행에서 3일을 머무르는 큰 섬, 큰 일이 해. 수화 하는 근처의 마을 ' (약 10 15분이나 또는) 에 많은 느긋하고 친절한, 마음에 드는 것이 결국 우리가 섬에 있는 도시. 만약 여행을 계획한 시간을 보내기에 할레 쿠 섬 을 강력 추천합니다. 가격도 훌륭하고, 뭔가 특별한 것들을 얻을 수 입니다.",숙박 날짜: 2017년 2월
Hale Kukui,Patti C,5.0,아름다운 전망!,"보내는 한 곳에서 즐길 수 있는 쿠 코티지 헤일 5일 밤을 보내지 었다. 폴라 를 댄, 관리인이 매우 훌륭했습니다. 사용 가능한 들, 아직 그 집에 살고 있는 개인 정보 보호 할 수 있었다. 완벽한 별장 입니다. 멋진 전망 은. 추가 린넨 및 수건 등 모든 편의 시설을 제공해, 비치 파라솔 및 의자, 주방, 발코니 및 욕조 / 밖에 있다. 저는 특히 욕조에 몸을 담근 채 로 즐겼다 저녁에 소리를 듣는 동안. 신선한 과일과 오차를 오른쪽 에서 사용할 수 있습니다. 댄 상세 지도를 제공해 주고 우리를 찾을 수 있는 최고의 해변, 전망대, 레스토랑과 상점 지역. 마을은 멀리 있지 않는 한 간단한 식료품을 사기 위해 아침 식사 / 와인. 즐거운 시간을 보내고 알 수 없습니다. 이 사랑스러운 별장에서 묵을 기회 놓치지 마세요.",숙박 날짜: 2017년 2월
Hale Kukui,kylek534,5.0,좋은 곳 ,이 모든 것을 보고. 주인은 아름다운 풍경과 즐거운 시간. 이 떨어져 있어서 아름다웠지만 와이피오 계곡! 서 벗어나 chaps 헤일 쿠 휴식과 신선한 과일 들!,숙박 날짜: 2016년 10월
Hale Kukui,Boris W,5.0,휴식을 취하기 좋은 곳,"개구리 울음 소리에 잠도 잘 오고 있어요. 침대도 편안했습니다. 객실은 깨끗하고. 하지만 이곳은 코티지 - 아무것도 공상 없습니다. 저는 너무 긴 지루함을 느낍니다 좋은장소로 여기 묵었는데, 후에 남부 지역이지만 일주일 정도 kohola 좋았습니다. 새로운 레스토랑은 걸어서 갈 수 있도록. 음식은 괜찮았어요. 혼란스러운 서비스도, 그냥 문을 열었는데, 정말 배우 들. 그들은 어떻게 할 수 없는 신용 카드에 충전 한다. 현금을 가지고. 많은 상점과 레스토랑이 근처 마을에서 현금을 뿐. 폴라 도 친절했습니다. 돌아간다면 큰 섬. 제가 이곳에 다시 묵을 것입니다.",숙박 날짜: 2015년 11월
Hale Kukui,CubaBecky,5.0,"매력적인 객실, 멋진 전망, 그리고 마법의 장소!",우리는 1주일 동안 오두막 studio. 이 사진보다 더 나은 - 베란다에서 보는 전망이 있었어요. 코티지 에는 필요한 것은 매우 평화로운 곳에 있는 섬. 와이피오 계곡 을 내려다볼 수 있는 짧은 거리. 그녀의 많은 도우미 들 은 두 개의 폴라 괴물! 이곳을 떠나기가...,숙박 날짜: 2015년 8월
WorldMark Kona,8069sa,5.0,두드러진,아내와 저는 일주일 내내 즐거운 시간을 보냈습니다. 이 숙소는 코나 (Cona) 지역의 다른 많은 콘도 호텔보다 더 멋진 내부 및 외부 상태입니다. 우리는 아침에 커피를 마시거나 저녁에 저녁을 쉽게 먹을 수 있기 때문에 위치가 훌륭합니다. 더운 오후 (90도 이상)의 수영장 옆 그늘에 앉아있는 것은 매우 편안했습니다. Worldmark Kona의 관리에 대한 찬사!,숙박 날짜: 2019년 10월
WorldMark Kona,Francine,5.0,새로운 여자 인 기분!,"우선,이 아름다운 리조트의 위치는 원하는 곳입니다. 걸어서 갈 수있을 정도로 거리가 멀지 만 번잡함에서 충분히 떨어져 있습니다. 실제로 코나 타운 라이프와 가장 가까운 콘도 콤플렉스입니다. 내 체류는 훌륭했습니다. 리조트의 모든 규칙을 알 수 있도록 도와주는 매우 훌륭한 프론트 데스크 직원이 인사했습니다. 체크인 후 나는 사랑스러운 컨시어지 인 Lydia로 향했습니다. 그녀가 섬에서하고 싶었던 모든 것에 관해 그녀가 나에게 준 통찰력은 10 배를 지불했다. 그녀는 너무나 사랑스럽고 아름답고 큰 미소였습니다. 그녀가 그녀의 물건을 알고있는 질문을하십시오 내가 버킷리스트에있는 모든 것을 치고 재산에 Expedia와 함께 많은 $$를 저장했던 것에 따라 나의 휴가의 나머지는 행복했다. 내 방은 새롭게 리모델링되었으며 사치스럽고 필요한 모든 것을 갖추 었습니다. 모든 Kona Worldmark 직원에게 감사드립니다. 잊을 수없는 휴가였습니다.",숙박 날짜: 2019년 9월
WorldMark Kona,Jennifer G,5.0,"위치 ... 확인, 편안한 ... 확인, 청소 ... 확인, 친절한 ... 확인, 확인, 확인","우리 모두는 우리의 점검표를 가지고 있으며 모든 상자에이 상자들을 넣습니다. 우리는 301 호실에 있었는데 이것은 건물의 끝에있었습니다. 어떤 사람들은 당신이 이웃의 난장판을 볼 수 있다고 불평할지 모르지만, 우리는 이것을 거의 보지 못했습니다. 이 유닛에는 추가 빛을 들여다 볼 수있는 측면 창이 있습니다.이 기능은 다른 내부 유닛에는 없었을 것입니다. 매일 바다의 전경에 현관을 걸어 다니는 것은 놀랍습니다. 안뜰은 차도의 일부로 간과되었고, 몇 개의 주차 지점과 수영장 / 카바나 지역이 있습니다. 우리가 거의 베란다에 없었기 때문에 이것은 수영장, 해변 또는 탐험에서 주로 우리를 괴롭히지 않았습니다. 위치 - 다운타운 코나 (Kona)와 스노 켈 (Snorkel) 해변 지역에서 단 몇 분 거리입니다. 편안함 - Worldmark 속성에서 기대하는 것과 매우 일치합니다. 깨끗한 - 다시 일관되고 깨끗한 에어 컨디셔너가 우리가 도착했을 때 켜져 있었고 처음부터 편안한 공간으로 들어갈 수있었습니다. 웅덩이와 뜨거운 통은 완전한 온도이었고, 수정으로서 명백했다. 덮고 덮지 않은 좌석 공간을 좋아했습니다. 친절한 - 이것은 우리 하와이에의 우리 첫번째 여행이었다. 그리고 3 주 이상 3 개의 섬의 휴가의 우리 첫번째 중지. 여기의 직원은 훌륭했고, 친했고 환영했다. 나는 이것이 처음으로 섬을 방문한 경험이있어서 너무 기뻤고 진정한 알로하 정신은 훌륭했습니다.",숙박 날짜: 2018년 9월
WorldMark Kona,RBLuvOcean,4.0,좋은 위치!,"이 콘도는 많은 레스토랑, 상점 및 해변에 편리하게 위치해 있습니다. Alii 운전은 조깅과 자전거 친화입니다. 캐주얼 한 산책을 좋아한다면 공원과 해변은 1 마일 이내에 있습니다. 이 장치는 매우 넓고 넓습니다. 당신은 단위에서 바다의 일별을 볼 수 있지만, 심각 하 게, 이것은 하와이! 얕은 바다에서 저어 나가고 스노클링을하고 물고기와 바다 거북이와 함께 수영하십시오. 방은 외부로부터의 소음을 간신히들을 수 있기 때문에 단열 효과가있는 것 같았습니다. WiFi 신호가 충분히 강하지 만 영화를 보거나 내가 권장하지 않는 게임을하는 것이 얼마나 빠르지는 확인하지 못했습니다. 너 하와이에있어! 내가 더 말할 필요가 있니? 바베큐 그릴, 수영장, 온수 욕조가 있습니다. 1 베드룸 콘도가있어서 부엌이 가득합니다. 남편과 나는 그 방에 매우 만족했고 직원들은 친절하고 친절했다.",숙박 날짜: 2018년 8월
WorldMark Kona,Azzman67,4.0,깨끗하고 편안한 호텔,"친절한 직원, 무료 주차장이 있으며 대부분의 레스토랑과 시장과 가깝습니다. 여기에 4 박 숙박하고 행복하게 다시 여기에 머물 것입니다. 객실은 깨끗하고 넓으며 에어컨이 장착되어 있습니다. 웅덩이는 멋졌다.",숙박 날짜: 2018년 6월
The Islands at Mauna Lani,packedandready2go,5.0,"아름다운, 넓은 집","Q 1에 있는 임대 주택 vrbo. 2 개의 침실과 욕실이 2.5. 장치는 매우 넓은 섬 이다. 침실에는 환상적인 욕실에는 욕조와 많은 수납 공간, 샤워실 따로, 화장실이 있습니다. 2개의 침실은 각각 자체 베란다. 부엌은 아주 잘 갖춰져 있지만 냄비, 팬 및 모든 종류의 요리 장치 할 수 있습니다. 액세스 및 관리도 매우 협조적이며 입니다. 수영장이 있는 한 개발 자체가 되지 않았습니다. 이 10 - 15분 정도 걸으면 해변이 5분 드라이브 또는 (이하). 아일랜드 파크 호텔 손님은 마우나 케아 비치 클럽 전용 주차장. 이 중 최고의 스노클링 해변에 있는 섬. 15분 정도 걸어서 상점이나 앳 마우나 라니 3분 거리. 놀라 울 정도로 좋은 식료품 가게 및 몇몇 좋은 레스토랑. 세 번째는 푸드랜드가 하나 크기는 다양한 제품이 된 식료품과 델리 카운터, 물고기 카운터와 와인 저장소. 와이파이도 잘 작동되지 않는 우리의 집.",숙박 날짜: 2017년 3월
The Islands at Mauna Lani,EJS722,5.0,완벽한 가족 휴양지,"이 섬의 마우나 라니 의 2nd 에서 보내는 가족 여행. 처음 우리가 가져가는 이곳이 너무 좋아서 더 가족과 집이 임대해 추가. 절대적으로 완벽한 곳이었습니다! 한 사람의 공간이 있는 아름다운 집을 빌리는 것을 퇴피 의 비교. 각 호텔 객실 예약하고. 물론 우리가 먹는 식사도 대신하여 90% 절약합니다. 우리가 부엌에 있었으면, 모든 일을 잘 할 수 있는 매일 아침과 점심을 아무런 문제가 없었어요. 그래서, 그냥 개인적인 취향의 결함이 아닌 리조트. 하고, 꼭, 꼭 이 리조트에서 우리가 방문하는 섬.",숙박 날짜: 2016년 8월
The Islands at Mauna Lani,Wendy M,5.0,그냥 호텔,"콘도가 둘러싸고 있는... 부엌에는 모든 툴이 필요한 양념 도 함께 제공된 사용량을, 이 보너스 둘러싸 하나로 않아도 가 설탕 소금 & 후추 등을 구입. 풀장 주변으로 정원은 정말 멋졌습니다. 상점과 해변도 골고루 함께 산책하기 좋은 장소... 이 사랑,",숙박 날짜: 2015년 2월
The Islands at Mauna Lani,travelthroughmyeyes,5.0,이 제도 앳 마우나 라니,왜 그는 호텔 방에 400 sq 피트 을 놔두고 가격은 1800 sq 피트 이상의 남용 호텔 방. 이러한 유닛은 넓고 매우 잘 되어 있으며 아주 청결했습니다. 만약 골프 낙원이다. 이 호텔은 필요한 모든 곳이 가까울 그냥 해변 초 거리. 전에 하와이에 여러 번 이 우리의 최고의 숙박. 비치 클럽에서 런치 도 놓치지 일부인 제도.,숙박 날짜: 2015년 2월
The Islands at Mauna Lani,Allen and Kathy,4.0,넓은 홈,"우리는 여행은 큰 콘도 예약, 잘 갖춰져 있고 아주 편하고 깨끗했다. 레이아웃이 열린 베란다 공간 위층과 아래층에 있었고. 부엌은 적당한 크기의 여러 가지의 인력 및 맞음새를 한 번에 작업할. 가구는 잘 만들어졌고 매우 편안했고, 욕실도 크고. 세탁기와 건조기는 단위도 아주 편리. 또한, 우리는 차고에 주차할 수 있는 안전한 게이트 커뮤니티 에 추가되는 느낌. 이 콘도 에는 비치 체어, 수건, snorkle 치기어 에서도 쿨러 를 사용할 수 있는 해변. 가스 그릴에서 물고기와 스테이크 굽기 유용합니다. 수영장은 깨끗하고 다양한 의자, 하지만 온수 욕조 지역은 제대로 작동하지 않습니다. 정예 들이 항상 작동 및 유지에 아름답게 유지. 이 때문에 4 1/2 수영장. 하지만 전체적으로 아름다운 곳은 직냉식냉장고.",숙박 날짜: 2014년 12월
Outrigger Waikoloa Beach Villas,suziuno,5.0,아름다운 넓은 빌라는 해변과 상점에 가깝습니다.,"남편과 나는 남편과 남편, 우리 손자와 함께 빌라에 머물 렀습니다. 23. 골프 코스가 내려다 보이는 아름다운 발코니가있어 매우 깨끗하고 넓습니다. 부엌은 잘 갖추어져 있었고, 가구는 현대적이고 관리가 잘되어있었습니다. 콘도의 맞은 편에 위치했던 웅덩이는 그것을 둘러싸고있는 아름다운 꽃과 초록과 함께 화려했다. 우리 모두는 대부분의 매우 아름다운 해변 산책을 즐겼고, 곧 근처의 해변에서 많은 재미있는 시간을 보냈다. 상점, 왕과 여왕 모두는 짧은 도보 거리 내에 위치해있었습니다. 우리는 확실히이 콘도로 돌아갈 것이고 커플과 가족에게 그것을 권할 것입니다.",숙박 날짜: 2019년 6월
Outrigger Waikoloa Beach Villas,AutumnRose2,5.0,하와이 여자 여행,"우리는 5 박을 여기에 머물렀고, 그것을 좋아했다. 단위는 넓었고 깨끗했고 필요한 모든 것을 가지고있었습니다. 소금물 인 수영장이 2 개 있습니다. 안뜰에 큰 가스 그릴이 있습니다. 지역 사회에는 쇼핑, 식료품 점, 식당 및 해변 접근이있었습니다.",숙박 날짜: 2018년 10월
Outrigger Waikoloa Beach Villas,Aussie2346,5.0,가장 편안한 침대도,"우리가 가장 잘 꾸며져 있는 3 침대 3 욕조 타운하우스 우리가 가 본 중 멋진 시간을 보냈어요. 7가족 타운하우스 #o 4 2주간의 즐겼습니다. 상점과 도보 거리, 왕과 왕비가 몰. 영화, 레스토랑, 모든 시장 해변까지 자동차로 짧은 거리에 있습니다. 골프 코스, lania 그릴, 훌륭한 수영장, 체육관이 있습니다.",숙박 날짜: 2018년 8월
Outrigger Waikoloa Beach Villas,the_proms,4.0,"유닛 C23, DEF가 돌아옵니다!","우리는 20 일간의 하와이 휴가에서 9 일 동안 유닛 C 23에 숙박했다. 우리는 Resortica와 함께 예약했습니다. com. 이 콘도는 와이키 로아 (Waikoloa)의 훌륭한 장소에 위치하고 있으며, 하와이의 아름다운 해변과 매우 가깝고 음식 / 식료품 시장을위한 여왕의 시장까지 걸어 갈 수있는 거리에 있습니다. 나는 미래의 방문에서 와이 콜로 아에만 머무를 것이라고 생각합니다. C 23은 해변 장비, 수건, 여분의 베개, 담요, 세탁기 / 건조기 등이 잘 갖춰져 있고, 새 가구가 많이 비치되어 2 개의 수영장 중 하나를 내려다보고 있습니다. 2 개의 침실과 1 개의 스위트 룸, 화장실 옆에있는 다른 곳. 우리는 문과 콘도 입구에 열쇠가없는 자물쇠를 즐겼다. 이 장치를 사용하면 주차 공간을 확보 할 수 있지만 우리는 때때로 근로자가 사용하여 주차 할 곳이 없습니다. 그것이 포함될 때의 좌절의 종류. 우리는 우리 공간 6을 위해 충분한 공간을 가지고있었습니다. 우리 아이들이 공간으로 사용할 수 있도록 2 개의 트윈 침대 (아이들이 편안하다고 말했습니다.)가있는 여분의 다락방이있었습니다. 부엌은 우리가 매일 사용하는 물 / 얼음 디스펜서와 함께 잘 사용되었습니다. 오븐에는 우리가 경영진에게 전달한 문제가있었습니다. 관리인은 주차 장소, 오븐 문제 등과 같은 문제에 항상 신속하게 대응할 수있었습니다. 숙박시에는 수영장 / 수건 / 슬라이드를 즐길 수있는 Hilton 패스가 포함되어 있습니다. (당신은 아직도 통과하지 않고 그들의 초호를 사용할 수 있었다) 나는이 통과 / 카드가 없으면이",숙박 날짜: 2018년 4월
Outrigger Waikoloa Beach Villas,SazS123,5.0,"예, 예, 예! J23","안타깝게도 저희는 비치 빌라 앳 와이콜로아 23 왼쪽 장치 j. 콘도는 휴양지 이 관리 합니다. 환상적인 곳은 골프 코스 전망. 깨끗하고 현대적이었으며 필요한 모든 것을 할 수 있습니다. 많은 책과, 카드 게임, 아이 들어있어, 주방을 담당한, 많은, 여러 가지 수건과 비치 타올. 침대도 너무 편안했고, 방은 넓고 에어컨이, 복잡한 깔끔하고 깨끗했어요. 아주 잘 관리되고 조용하고. 수영장이 있는 분들은 뜨거운 욕조에서 멀리 떨어져 있는 콘도. 좋은 지역에, 가까운 주요 고속도로 교통 체증을 하지 않을 수 있지만, 바로 길 건너 식료품 가게, 스타벅스 ,그리고 작은 쇼핑몰. 비치 (beach) 최대 10분 거리에 있다. 좋은 모래사장이고 상당히 좋은 스노클링. 좋은 수영장. 이 장치 및 복잡한 확실히 이곳을 추천 한다.",숙박 날짜: 2017년 7월
Belle Vue,ShadowRocco,2.0,이곳에 다시 숙박하지 말라는 할 수 있습니다! ,"상냥하고 친절한 그가 방을 보여 주었다 gayland. 미닫이 문을 여는 순간, 이 곰팡이 냄새가 나 /. 제가 전에 본 것이 신용카드로 예약해놓은. 여기에서 숙박 할 것! 자세한 요구 사항 - 깊이 청소 및 업데이트할 수 있습니다. 제가 몇 번 묵고 아침 식사에 대해 문의 합니다 & b&b, 대답은 "" 문을 열어 "": - ) (냉장고 문). 빵 한 덩어리가 있었고, 젤리, 차가운 시리얼, 우유,. 냉장고에 음식을 가지고 걸지 목록에 사용할 수 & 수 받을 수 없습니다. 나는 그러한 음식들이 나 아침 식사를 먹고, 바나나 gayland 주 가지고, 그 가 하지 않고, 그냥 제가 떠나는 것이 다. 제가 첨부한 사진의 화재 경보기 없어, 더러운 조명 기구, 이불에 얼룩이 있는 침대가 있는 비누, 사용, 가벼운 와 심하게 - 욕실 매트를 사용하지 않은 건강한 수 laiden! 다른 한 쪽이 좋지 않았어요. 나는 쓰레기 에 배치, 이 심하게 교체해야 할 수 있습니다. 욕실에 있는 아울렛 도 아니었다 1 찾을 수 있습니다. 저는 알레르기 아닙니다. 나는 그 냄새가 나 냄새가 있어야 하는데 빨리 나갈 수 없습니다! 저는 객실 요금 $142 "" studio "" 입니다. 수 없는 진정한 청결함과 아침 식사 & 수, 그 이상인 $50 청구 하지 않습니다! 불행하게도, 볼 수 없는 모든 사진 (또는 냄새) 에 붙어 있다는 인터넷.",숙박 날짜: 2017년 3월
Belle Vue,Marlene S,4.0,멋진 전망과 넓은 거실,"5일 밤을 묵었는데 펜트하우스의 스위트룸에 있는 벨레 뷰. 가장 넓은 먹을 수 있는 경험이 풍부한 수는 개인 &. 어떤 뷰! 우리 앞에 세 개의 화산, 파커 목장 의 언덕에 서 있는 우리 뒤에 및 태평양. 입니다, 주변 지역에서 옷을 볼 수 있는 날씨. 2 월 방문, 긴 소매가 있는 위쪽을 가벼운 헐렁하 한 바지와 재킷. 쌀쌀한 바람이 다. 10마일 정도 의 매우 멋진 공공 해변. 하는 자체 - 때문에 우리는 우리 자신의 스케줄을 설정할 수 있는 개념 에 포함되어 있습니다. 갖춰져 있는 음식을 식당에서 아침 식사를 선택하기. 호스트는 것에 따라 행복한 보충.",숙박 날짜: 2017년 2월
Belle Vue,Sabine C,5.0,아주 친절한 호스트 및 놀라운 스튜디오 아파트,"우리는 펜트 하우스 아파트 를 예약을 제공하지만 우리는 즉시 후회를 입력 시 계획이 없는 것은, 더 이상 이곳에. 이 스튜디오 는 절대적으로 사랑스러운, 진정한, 아주 잘 갖춰져 있고 (다른 수 & b 에 묵었는데 섬). 발코니에서 경치는 정말 최고였어요 - 특히 석양이 질 때. 우리의 호스트, gayland, 아주 친절하고 우리가 기분이 매우, 매우 환영합니다. 다음은 지금까지 먹어본 최고의 숙소는 벨레 뷰 호텔에 투어 하와이 제도는 다른 여행객들에게 강력 추천 한 곳 입니다.",숙박 날짜: 2016년 12월
Belle Vue,Foot_Loose,4.0,조용하고 좋은 숙소가 와이 메아,"우리는 2박을 펜트 하우스, 내가 본 중 가장 거대한 스튜디오 아파트 욕실 (최근에 이탈리아 에서 이 한 것 보다 더 큰 방을 예약 한 이탈리아에서). 방은 매우 깨끗하고 부엌은 설비가 잘 갖춰져 아침 식사를 할 수 있는데, 이 자가 있지만 - 서비스 & 수 있습니다. 시리얼과 계란 을 구입한 일부 보완하기 위해 빵, 우유, 커피, 머핀, 신선한 과일 제공. 주인, gayland, 아주 우아하게 해 줍니다. 베란다에서 보는 전망도 좋고 주변 장치의 양쪽, 바람이 부는 경우도 있지만 매우 비가 약간 올 것 같은 생각을 할 수 없습니다 야외. 모두 모두 아주 좋은 곳입니다!",숙박 날짜: 2016년 11월
Belle Vue,Cheryl T,5.0,조용한 보석과 같은 호텔,"주말에 가족과 함께 묵었는데 벨레뷰. 와이 메아 힐로 쪽에 사는 우리는 결혼식에 갔다. 이 아름다운 언덕에 있는 큰 길가 쪽의 녹색 로울링 가축 이다. 다른 모두가 있어요. 윗 층의 바다가 보이는 객실을 위한, 마운틴, 캐슬 와이메아 이상. 우리는 위층 과 아래층 스위트를 빌렸습니다. 매우 깨끗하고 편안했어요. 있는 과일, 시리얼, 우유, 커피 및 차 제공. 와이파이는. 매우 merrimans 음식점, 카페 하와이 스타일, 롱스 하는약제, 푸드 랜드 수퍼마켓, 슈퍼마켓 kta, 스타벅스 및 식당, 은행, 우체국, 상점이 있습니다. 쉬운 비비안 전화 예약을 주인. 그녀의 남편은 우리를 반갑게 맞아주고 체크인. 좋은 경험!",숙박 날짜: 2016년 8월
Bears  Place Guest House,Mark M,5.0,그레이트 라나이,"나는 작고, 가족 소유이며, 형 장소가되고 Bears 'Place는 완벽한 적합이었습니다. 카일루아 - 코나의 중심까지 단 몇 분 거리에 있습니다. 우리는 Kona와 South Kohala를 탐험하기위한 기초로 사용했습니다. Plumeria Suite의 베란다에서 멋진 일몰을 감상 할 수 있습니다. 그리고 별! 나는 50 년 만에 많은 별들을 보지 못했다. 그것의 깨끗한. 주인은 아주 좋습니다. 세탁기와 건조기를 사용할 수 있습니다. Plumeria Suite는 요리를 위해 완벽하게 갖추고 있습니다.",숙박 날짜: 2018년 11월
Bears  Place Guest House,avocaro,5.0,우리는이 곳을 좋아한다!,"12 월에, 우리는 2016 년에 여기에 1 주일을 보낸 후 Bears 'Place로 돌아 왔습니다. 우리는 Bears에서의 즉각적인 주변 환경의 위치와 아름다움에 깊은 인상을 받았습니다. 우리는 코나에서 휴가를 보낼 때 그 어디에도 가지 않을 것입니다! 객실에는 요리를하고 자신의 식사를하거나, 베란다에서 휴식을 취하거나, 편안한 침대에서 자고 자하는 데 필요한 모든 것을 갖추고 있습니다. 여기에서 우리의 인식에 스트리밍은 이국적인 조류 호출, 꼬맹이 게코와 열대 과일과 풍부한 꽃 꽃을 가진 나무입니다. 호스트는 섬에 관한 많은 도움 / 정보뿐만 아니라 서핑을하기위한 부기 보드와 도착 일의 환영받는 아침 식사를 제공합니다! 다시 돌아올 때까지 기다릴 수 없어!",숙박 날짜: 2017년 12월
Bears  Place Guest House,Sim R,4.0,좋은 장소,"좋은 환영 선물, 주인은 정말로 멋지다. 그리고 당신은 당신의 평화를 가지고있다. 우리 방은 넓었고 당신은 정말로 당신이 필요로하는 모든 것을 가지고있었습니다. 멋진 특수 효과는 그녀가 독일어를 말했고, 우리에게는 필요하지 않았지만 다른 사람들을 위해 그것이 이점이 될지도 모른다고 상상할 수 있습니다. 장소까지가는 길은 약간 단계이지만 관리가 쉽습니다. 이 섬에서 짧은 여행을 시작하기에 좋은 곳",숙박 날짜: 2017년 11월
Bears  Place Guest House,rhonda,5.0,15분이면 시내에서,정말 좋은 곳이 다. 5 단위. 크기가 서로다른 모든 장치에 따라 달라집니다. 아주 깨끗하고 했습니다. 매우 친절한 주인. 모든 객실에 커피 메이커와 작은 냉장고 에서. 현장에 있는 세탁 시설 또한 최고! 주차도 수도 있습니다.,숙박 날짜: 2017년 3월
Bears  Place Guest House,Ines R,5.0, 멋진 장소 멋진 소유자,"나는 이 집에 있을 강력 추천합니다. 이상적인 휴가, 코나클리라 가깝습니다. 아름다운 풍경. 정확하게 필요한 것은, 편안하고, 깨끗하고 쾌적한. 저는 이 환상적인 소유자 추가, 따뜻하고 매력적인 환영합니다 - 필요한 것들은 모두 훌륭한 휴가!",숙박 날짜: 2016년 11월
Lokahi Lodge,Anna N,4.0,알로하,"벽난로가있는 멋진 방, 그 밖의 무엇이 필요합니다. 아주 큰 욕실과 깨끗한 방. 가까운 화산 공원과 멋진 레스토랑. 정글의 한가운데에 집 밖에있는 놀라운 식물들로 살고 있습니다.",숙박 날짜: 2019년 2월
Lokahi Lodge,Ross C,5.0,좋은 기본 숙박,우리는 5 박 동안 여기에 머물렀고 청결과 욕실 등에 만족했습니다. 그것은 멀리 자리 잡고 있지만 상점과 레스토랑과 현재 폐쇄 된 국립 공원에 가깝습니다. 공항에서 찾기 쉬운 공항 고속도로에서 20 분 거리.,숙박 날짜: 2018년 6월
Lokahi Lodge,Amy L,4.0,화산 마을에서의 즐거운 숙박,"우리는 HVNP에 가깝게 여기에서 처음에 예약했습니다. . . 그것은 단지 길의 아래에있다. . . 폐쇄와 더불어 우리는 지역을 보는 것을 아직도 즐겼고, Pahao까지 용암 빛을보기 위해 차로 빠져 나갔다. 수용은 멋졌고 깨끗했다. 그리고 우리 가족에게 멋 졌던 매우 큰 욕실. 그것은 매우 조용했고, 약간의 레스토랑과 편의점이 가깝습니다. 우리는 또한 많은 정보와 추천을 해주신 프론트 데스크 매니저에게 감사드립니다.",숙박 날짜: 2018년 7월
Lokahi Lodge,NorthStar390513,5.0,로하! 네가 우리 계획을 세워 줘서 고마워!,"그것은 우리에게 좋은 시간이었습니다! ??????????? 첫날 밤, 우리는 결코 보지 못한 수천 개가 넘는 별을 볼 수있었습니다. 상단 창문을 통해. 우리는 왜 탑 윈도우가 있는지 압니다. ? 아주 밤, 새들이 겁나! 아침, 나이팅게일이 노래했다. 우림 주위를 산책. 숙녀는 우리를 추천했다, 아름다웠다!? 모든 마을 사람은 좋았고 lovely했다. 마할로! M? M ????? ?????? ? ?? ????????? ??????? ? ?? ????? ?????? ?? ?????? ??????? ?????????",숙박 날짜: 2018년 6월
Lokahi Lodge,Muadib84,3.0,게이트웨이 국립 공원,"좋은 위치, 시내의 화산, 국립공원 에 왔다. 좋은, 조용한 위치, 골목길에, 에 가깝고 근처에 레스토랑과 상점. 충분한 주차. 방은 깨끗하고, 매우 오래 되었지만. 아마 1970년에 중간 의 마지막 였다. Tv 리모콘 작동 하지 않았다, 그리고 tv 가 벽에 머물지 었다. 이를 위해 필요한 에 의자가 있는 것을. 훨씬 더 불편한 점이 너무 오래되고 낡은 전기 콘센트에 빠졌을 밤 내 전화 충전기, 배터리가 최대 14% 를 깨웠다. Grrrrrrr. 저렴한 가격, 좋은 위치. 오래된, 일자.",숙박 날짜: 2017년 8월
B B                 Mango Sunset BnB at Lyman Farms,willywalkabout,5.0,실제로 망고 일몰!,"나는 3 박을 묵었다. 가파른 드라이브는이 장소를 도로 가까이에 있지만 멀리 떨어져있어 매우 고립되어 있다고 느낍니다. 그리고 그것은 또한 조용하다는 것을 의미합니다. 방은 깨끗했다,보기는 훌륭했다. 그리고 Marsha는 우리가 도착했을 때 우리에게 따뜻한 알로하를 줬다. 내 예약은 아침 식사와 함께 제공되었으며 더 많은 음식을 먹을 수 있었지만 특정 다이어트를 할 수있었습니다. 망고 선셋 (Mango Sunset)은 커피가 많고 농작물이 자라는 멀티 에이커 농장에 있으며 새도 많이 있습니다 (또한 우리는 어느 날 저녁 야생 돼지가 운전을하는 것을 보았습니다). 부엌 이용 가능. Kailua-Kona에 직접 머무를 수있는 좋은 대안",숙박 날짜: 2019년 8월
B B                 Mango Sunset BnB at Lyman Farms,1shark3minnows,5.0,훌륭한 위치와 멋진 호스트!,"유기농 커피 농장에서 BnB입니다. . . 얼마나 멋진가! 우리는 매일 아침 신선한 과일과 커피를 맛보고 집에서 만든 아침 식사를 받았다. 더 나아가 우리 주인 마샤 (Marsha)는 하와이에 대한 풍부한 정보였습니다. 그것은 역사, 문화 및 지질학이었습니다. 매일 아침, BnB에 4 개의 더 블룸이있는 모든 손님들이 계곡과 태평양을 내려다보고있는 베란다에서 아침을 함께 먹었습니다.) 하와이 나 우리가 섬에서 즐기던 것들에 대한 이야기를 교환 할 수있었습니다. 북쪽의 Kohala와 남쪽의 Kalea 사이의 중간 지점에있는 섬의 바람이 불어 오는 쪽 (서쪽)쪽에 위치하여 우리는 해안을 위아래로 쉽게 탐험 할 수있었습니다. 우리 방과 태평양을 멀리 바라 보는 lanai로부터의보기는 훌륭했다! 대학 시절의 딸과 함께 여행하는 동안, 이것은 또한 친구 그룹이 머무를 수있는 좋은 장소가 될 것입니다. 우리는 세탁기 / 건조기와 주방 (오븐 없음)뿐만 아니라 그릴, 작은 거실, 거대한 베란다에 입장 할 수있었습니다. 매우 편안하고 편리합니다.",숙박 날짜: 2019년 5월
B B                 Mango Sunset BnB at Lyman Farms,Lysis1,4.0,조반 및 전망은 쇼의 별이다.,"이것은 산 중턱의 중간에 있으니 거기에가는 가파른 길을 준비하십시오. 소유자가 귀하에게 보내는 지시 사항을 따르십시오. 진입로는 바다 쪽에서 길가에 있으며, 바로 옆에 또 다른 진입로가 있습니다. 잘못된 진입로를 향해 가려면 ""무단 침입 금지""표지판을 만나서 매우 가파른 언덕을 뒤로 내려야합니다. 관람차에서 거꾸로가는 느낌이들 것입니다. 그래서 차도에주의하십시오. 당신은 그것에 강아지 훈련 사업을 가지고 하나 싶습니다. 두 차도를 직면 할 때 왼쪽에 차도가 필요합니다. 소유주의 집과는 별도의 건물에 있습니다. 5 개 (아마 6 개)의 방이 있습니다. 하나는 복도에있는 욕실이 있고, 나머지는 모두 스위트 룸입니다. 싱크대, 풀 사이즈 냉장고, 커피 메이커, 전기 주전자 및 다양한 종류의 요리가있는 주방이 있습니다. 손님은 현지 규정으로 인해 요리를 할 수 없지만 손님이 사용할 수있는 바베큐가 있고 차 / 커피를 만들거나 냉장고 / 냉동고에 원하는 것을 보관할 수 있습니다. 넓고 손님 용 컴퓨터가있는 거실도 있습니다. 하나를 제외한 모든 객실에는 갑판에 슬라이딩 도어가 있으며, 갑판 의자가 있으며, 그 갑판에서 멋진 전망을 볼 수 있습니다. 손님 용 세탁기와 건조기가 있으며, 1 회당 $ 5가 부과됩니다. 기계가 조금 시끄므로 준비가되어 있어야합니다. 내 친구와 내가 여기 일주일 전에 머물렀을 때, 우리는 그곳에있는 유일한 사람들이었습니다.하지만 다른 사람들이있을 때에도 당신은 당신이 가진만큼의 개인 공간을 가지고 있다고 느끼는 충분한 공간이있을 것이라고 생각합니다. 될 것입니다. 다운 -",숙박 날짜: 2018년 11월
B B                 Mango Sunset BnB at Lyman Farms,Larry And Sandr... H,5.0,"그레이트 뷰, 좋은 아침 식사와 편안한","우리는 망고 선셋에서의 우리 체재를 좋아했다. 우리는 막판을 예약했고, 그들이 방을 가지고 있었기 때문에 기뻤다. 우리는 파티오 지역과보기에 갔던 스위트 욕실과 슬라이더에서 멋진 여왕 사이즈 침대를 가지고 있었다! 불행하게도 우리 VOG가 3 개의 밤 체재 동안 있었다. 그리고 우리는 우리가 좋아할 것 인만큼 많이 멋진 전망을 즐길 수 없었다. 아침 식사는 현지 과일과 함께 농장에서 자란 커피로 시작되었습니다. 그 중 많은 부분이 재배되었습니다. 그 다음 우리는 전망대로 이사했고, 멋진 아침 식사를 품었다 - 매일 아침마다 다른. 그것은 위대한 준비가되어 우리를 가득 채웠습니다! 주인은 매우 친절한 호스트이었고, 우리가 거기에서하는 동안 할 수 있었던 것을위한 많은 여행 책과 생각을 가지고 있었다. Kona 또는 해변에의 여행 시간은 단지 약 15 분이었다. 그래서 그것은 멋졌다. 어떤 음료수를 저장하거나 식사를 조리 할 수있는 냉장고가있는 공용 주방이있었습니다. 외부 그릴과 함께. 평면 스크린 TV가있는 공용 거실 공간. 우리는 조용한 평화로운 환경을 즐겼고 다시 돌아올 것입니다.",숙박 날짜: 2018년 6월
B B                 Mango Sunset BnB at Lyman Farms,David R,3.0,페이딩 영광,"Mango Sunset be & be는 Lyman Kona Coffee Farm의 부속물입니다. 양쪽 모두를 운영하는 노인 커플은 좋은 사람들입니다. 그러나 사람들은 자신의 삶에서이 시점에서 손님에게 환대를 제공하는 것이 분명히 분투하고 있습니다. 그들은 팔아서 은퇴하기를 원합니다. 그것은 나쁜 체재가 아니었지만, 일들이 분명히 거기서 닳고 있습니다. 자연 환경은 아름답습니다.",숙박 날짜: 2018년 3월
Silver Oaks Ranch,AlaskaSheri,5.0,이미 크리스마스! 우리의 반환!,"다른 모든 리뷰 및 읽을 수 있는 곳이었습니다. 모든 말했다, 방도 마찬가지입니다. 우리는 6년 동안 Kona 지역에 가는. 우리는 보통 Waimea 재임하면서 근처의 콘도 단지입니다. 우리는 Kona 근처에 처음. 정말 좋았다! ! 목장은 언덕과 필요할 때 ""마을"" 빠른 드라이브 아래로 위에 kona 5마일. 코스트코 오래된 공항 정원을 근처에 및 매일 걸어서 10분. 다른 사람들이 말했듯이, 이곳은 산 위에 쿨러 및 더운 날 환영. 또한 철저히 아래 바다 전경을 내려다 볼 수 수영장이 참 좋았어요. 릭 에미를 최고였습니다! ! 우리는 새로운 평생의 친구 및 돌아가는 앞으로 다시, 그리고 다시.",숙박 날짜: 2018년 2월
Silver Oaks Ranch,529debrah,5.0,집에 ♥ 떨어져,"우리는 4인 가족. 저희는 북적이는 하루 열 벗어나 조용한 공간을 찾고 있었다. 실버 Oaks 목장에서 우리는 하와이 동안 우리 집! 우리의 숙소는 깨끗하고 편안했고, 어이 우리가 필요한 모든 것들이 갖추어져 있습니다! 우리는 주방 및 세탁 시설이 있었습니다. 우리는 액세스를 생수, 쿨러, 스노클을, 마스크, 부기보드, 비치 의자, 비치 슈즈, 수건 및 선스크린. 신선한 수건 로드, 욕실, 부엌 아무것도 해결 할 수 있었습니다! 다른 필요한 경우, 필요한, 제공됩니다. 당신은 내가! 주인, Amy 릭, 사려깊었습니다. 혹시 필요한 경우 어디서 그런 충분히 있었다. . . 그러나 필요한 개인 경우 품위 신중한 충분히! 우리는 가족 같은 대접을 받았다! 그들의 섬의 기술 정말 압권입니다! 우리는 농장 신선한 달걀, 오렌지, 귤, 토마토, 토마토나 아보카도, 바나나, 하와이 커피 원두, 마카다미아 너트 초콜릿 ♥ 우리는 동물을 사랑하는 매일 막내딸을 동물들의 돌보는 잃어버린 즐겼습니다. 있던 Oaks 목장에서 묵고, 가족과 함께 지내는 것 같아요. . . . 우리 숙소에서 지혜, 온도 시원하고 있었다 위치예요. 1500ft 편안한 곳입니다. 햇볕이 너무 때! 우리는 편안함과 여행을 밖에서 평화의 필요할 때 다시 휴양지 수 있는 ""홈"" 좋았다! 우리의 마음속에 의심의 여지가 있을 경우. . 우리는 하와이에 다시 없습니다. . . . 우리는 실버 Oaks 목장에서 ♥ 성소를 예정입니다",숙박 날짜: 2017년 12월
Silver Oaks Ranch,ERappy,5.0,최고의 침대와 아침 식사 목장!,"이것은 우리가 여기에 머무르는 두 번째 시간입니다. 첫 번째는 10 년 전이었습니다. 이제 모든 아이들이 성장했습니다. 매일 우리는 한 잔의 코나 커피를 즐겼고 단지 그 풍경을 즐겼습니다. 모든 해변 필수품은 바로 거기에 있었다. 그리고 매일 우리는 재미있는 약간의 모험 위로 갔다. 아이들 (24, 27, 29 세)은 염소를 즐겼고 프리스비와 다른 활동을위한 충분한 공간이있었습니다. 낙원에서 집으로 돌아가는 곳이었습니다. Amy와 Rick을 우리 나머지에게 당신의 집을 여는 것에 감사드립니다.",숙박 날짜: 2017년 12월
Silver Oaks Ranch,LIgal037,5.0,조용한 천국!,"제 남편과 저는 실버 오크 랜치 코티지에서 묵었는데 ranchview 의 30번째 결혼기념일. 에이미 와 릭 이 아주 상냥한 주인, 샴페인 한 병을 볼 수 있는 마카다미아 너트 초콜릿과 냉장고가 있다. 그들은 우리에게 제안해 식사를 할 생각입니다. 코티지 에는 큰 욕실, 킹 사이즈의 침대, 부엌, 거실과 식사 공간. 로프트 에는 2 트윈 침대, 작은 아이들을 위한 이상적인. 공용구역 두 별장에 세탁기, 건조기, 및 필요한 모든 것이 비치: 수건, 냉각기, 부기 보드 오리발, 마스크와 스노쿨러. 바쁜 하루를 보낸 후에 물, 또는 투어도 있 - 코나 (이 덥고 습한), 한 최고로 멋진 산이 보이는 베란다에 앉아 있는 목장, 바다의 전망을 감상하는 동안 바람을 졌다. 우리는 밤에 자기만 팬, 에어컨의 필요성을 전혀. 애완 동물을 보고 즐거운 시간이었습니다. Amy 릭 을 말을 타고, (전혀 수탉) 닭, 염소 및 미니 당나귀, 고양이 등 애완동물과. 또한 주변에 야생 꿩 이 구불구불한, 야생 칠면조 및 다양한 종류의 조류. 우리는 편안하고, 멋진 휴가는 꼭 실버 오크 랜치.",숙박 날짜: 2016년 9월
Silver Oaks Ranch,sixlet,5.0,보면 더 이상! 여기서 머물기를 원한다면!,"큰 섬을 방문한다면 코나클리라 쪽에 머물기를 원합니다. 조용하고, 평화롭고, 편안한, 친절한, 넓은 마음에 몇 가지 단어 다. 우리가 묵은 방이 자쿠지. 할 수 있는 큰 침실, 옷장, 화장실, 거실, 부엌 덱크의 의 모든 사용할 수 있습니다. 세제와 세탁 시설 및 공용공간에는, 추가 비용 없이 모든 것이다. 뭔가 하고 싶은 경우는 동안 필요한 것이 렌터카 사용 가능한 포함되어 있습니다. 물, 주스, 냉각기, 스노쿨러, 부기 보드, 욕실 용품, 그릴, 냉장고 및 주방 가전 및 음식을 제공하는 찬장. 그냥 옷을 그대로 가져갑니다.",숙박 날짜: 2016년 2월
Da Log House,kasgardens,5.0,"우수한 침대, 아침",두번째 에 다니엘 과 susie 은 로그 하우스 다. 2주간 머물렀습니다. 항상 같은 느낌이 나는 가족과 함께 머물 때 편하고 있었어요. 다니엘 과 수지 가나 에게 길을 알려 준 매우 친절하고 어떤 로컬 도움말. 다니엘 도 현지 식물과 섬 이야기를 알고 지식. 매우 깨끗한 방과 욕실. 제 자신의 미니 냉장고 제 물과 우유를 더 즐겁게 지내면서 저렴. 좋은 위치에 섬에서 힐로 측에서 관광지. 의 베스트 비치 중 에서 멀지 않은 섬이 화산 국립 공원. 그들은 흙 과 자갈 도로 에서 매우 잘 관리되어 도로 주 도로에서. 모든 차가 됩니다. 다음에 여행할 수 있는 빅 아일랜드 정말 계획하다 로그 하우스.,숙박 날짜: 2014년 5월
Volcano Fern Forest Retreat,Peter Scheer,5.0,수줍음,우리는 레니와 4 박을했고 매 순간마다 즐거워했습니다. 우리는 사전에 단지 2 개의 밤을 예약했다. 그러나 그것을 4까지 늘렸다. 비가 오면 안락한 오두막집이 좋고 레니는 항상 친절하고 도움이됩니다. 그 자체가 오두막집은 욕조와 샤워와 더불어 멋진 욕실을 가지고있다. 그것은 약간의 오븐으로 가열됩니다. 다른 사람들이 레니와 그의 피정을 알게된다면 슬프지만 나는 그 아이에게 좋을 것이라고 생각합니다.,숙박 날짜: 2018년 2월
Volcano Fern Forest Retreat,nycbuttercup,4.0,화산 은 편리한 위치,"저는 화산 에서 하루 포레스트 리트리트 펀. 저는 운전할 레니 힐로 에서 하루 중 내가 일찍 체크인을 하다. 레니 하는 친절한 남자 직원이 몇 개가 있는 곳. 그의 이 곳은 감춰진 곳은 좀 다시 도로, 도로의 끝에 거의 마지막 집. 한 여자 시간. 나는 다시 여기서 묵을 것이기 때문에 원격. 또한, 어두운 곳이 이곳입니다 소름 수 있습니다. 제 방은 정말 크고, 퀸 사이즈 침대와 소파와 tv 가 있는 작은. 있는 종류의 책이 선반에 현지 하와이 정당화. 작은 부엌이 있었고 냉장고와 비스킷과 시리얼 캐비닛에 설정할 수 있습니다. 레니 가져온 작은 아침 식사가 좋았습니다. 다른 곳에서 언급한, 그 차가운 밤에 할 수 있습니다. 나는 손전등을 가지고 집에 와서 늦은 경우도 있다. 를 겁먹 하게 하고 자 하는 조명 때문에 tv 가 있었어요. 와이파이를 이용 하지 않은 손님들이 있습니다. 물이 따뜻하고 좋은 시스템이 있었는데 제가 집수 승인했습니다. 욕실은 좋은 크기는 작은 비누와 샴푸 같은 용품은. 호텔은 잘 유지되어 있는 매우 가정적인 느낌. 닫습니다 머물 곳을 찾고 있는 화산을 가정적인 느낌 입니다. 이 호텔을 추천합니다!",숙박 날짜: 2016년 7월
Volcano Fern Forest Retreat,Derek R,5.0,"편안함, 조용함, 자연 가든에 리트리트","우리를 환영해 주는 사람을 만났는데 레니 의 많은 것들을 도와주지 화산 공원. 깨끗하고, 편안한, 아주 만족스러운 방. 우리는 4일 동안 개인 정보 및 유흥가가 좋아. 약 1마일 정도 떨어져 있는 집 이 곳에서 오른쪽 끝. 우리는 알로하 가 다시 이곳에 온 의미",숙박 날짜: 2017년 2월
Volcano Fern Forest Retreat,Sarah W,1.0,안 나오고 샤워는 훌륭한 휴가를 보낼 수.,"화산 에는 많은 잠재적인 펀 숲, 다시 여기에 예약을 하지 않을 것이지만 우리는 절대적으로. 우리가 묵었던 기간 동안에 낮은 온도의 50 중반 야외 추워. 객실에는 중앙 난방, 가스 벽난로 만 떠나 따뜻한. 우리의 첫 번째 밤, 우리는 조금 전 잠을 자고 가는 끈이 달렸다 침대 전. 방이 추운 아침 입니다, 어서 일어나고 샤워를 할 수 없었습니다. 나가기 전에 시간을 보내고 화산 공원, 우리들의 따뜻한 벽난로 다시 샤워를 하고 휴식을 취하기에 충분한 시간을 탐험. 우리는 주인이 돌아왔을 것이 동시에 묻어 나오는 이유와 화가 남. 그는 한 영구적 손상 발생 필요로 하는 교체할 수 있는 벽난로, 페인트 벽, 커튼 교체, 나쁜 것도, 어느 방에는 굳이 물어보았습니다. 왜 우리가 이 지구상에 있는 방에 머무는 데 요? 방에 들어갔을 손상되지 않았는지 (우리는 어떤 사진) 을 보이는 가스 벽난로와 간단하게 끌기 수 있습니다. (참고: 엔지니어가 아닙니다 쉽게 마세요 .) 이것을 단순히 우리의 화가 이었고 유틸리티 사용, 노력 해야만 하여 이미 장애가 부트되지 않도록 의 난방이 우리를 환불 하고 벽난로, 간단한 견과류, 말도 안되는 일이지만 했습니다. 그의 유일한 변경다른 열 처리하는 우리에게 없는 것들도 있고 옷장에 담요 의 차가운 밤에. 제가 죄송합니다, 무엇을? 따라서, 우리는 3일 동안 열이 없는 방에 샤워도 없었다. 아니고 여행을 고려. 말할 필요도 없이, 우리의 다음 여행 지역에서 화산 펀 포레스트 리트리트 포함되지 않습니다.",숙박 날짜: 2016년 12월
Volcano Fern Forest Retreat,TrevB56,4.0,좋은 숙소 근처에 있는 국립 공원,"아름다운 숲에 둘러싸여 있는 펀 (이에 걸맞은 이름)을 확실히 내리지 기그리드. 좋은 객실을 제공하며 모든 필요한 시설. 트립 어드바이저 상태가 고속 인터넷 액세스 호텔 - 할 수도 있지만 와이파이 고속. 또한 미국 무료 아침 식사, 숙박했을 때는 그렇지 않다. 그럼에도 불구하고 우리는 즐겁게 지냈습니다.",숙박 날짜: 2016년 9월
5th Street Ohana,Karen M,4.0,좋은 장소,"남편, 딸, 나는 여왕 엠마에 1 일 동안 머물렀고, 우리를 위해 큰 성과를 냈습니다. 깨끗하고 넓습니다. 주위에 무성한 녹색, 매우 조용한. 나는 이것을 말할 것이다. . . 나는 Volcano Park의 폐쇄 전에 이것을 예약했다. 나는 우리가 단지 1 개의 나이트 인 채로 있었기 때문에 기쁘다. 공원이없는이 지역에서 정말로해야할 많은 것이 없다. 우리는 화산 마을에 드라이브를 가져 갔고, 거기에 많이 없었던 것에 놀랐다. 작은 시장이 몇 군데 있지만 하루 이상 머물 계획이라면 큰 도시에서 식료품을 구입하십시오. 뿐만 아니라 더 비싸지 만, 선택은 매우 제한적입니다. 우리는 두 개의 지진을 느꼈지만 안전하다고 느꼈다. 거기에서 우리는 검은 모래 해변과 남쪽의 점에 갔다 - 볼 가치가있는 그리고 너무나 멀지 않은. 전반적으로, 좋은 곳.",숙박 날짜: 2018년 8월
5th Street Ohana,Svetlana J,1.0,돈을 낭비하지 마라 !!!,"돈을 낭비하지 마라! ! ! ! ! 절대 최악의 고객 서비스! 우리는 세탁 시설을 광고하는 그들의 5 번째 거리 Ohana에 머물렀다. 그러나 아무도 없었다. 거기에서 일하는 사람은 그들이 전에 밤에 도난 당했다고 우리에게 말했습니다. 그 다음날 숙녀는 세탁기와 건조기가 동시에 파손되어 제거했다고 말했습니다. 우리가 빨래방에서 낭비 한 시간과 돈, 그리고 그들이 말한 거짓말을 보상하려고 노력하지 않았습니다. 설상가상으로 화산 국립 공원은 폐쇄되어 있으며 매일 지진이 일어나고 섬의 이쪽에는 흥미로운 것이 없습니다. 모든 이웃이 달아나고 안전하다고 느끼지 않습니다. 더 나은 곳을 찾아라! ! ! !",숙박 날짜: 2018년 7월
5th Street Ohana,Vacatrip1,4.0,2 베드룸 콘도,2017 년 7 월 5 번가 오하나에 묵었습니다. 우리는 멋진 침실 2 개짜리 유닛을 가지고있었습니다. 풀 키친. 베란다에서 세탁 서비스를 이용하실 수 있습니다. 이 지역은 한적한 / 이웃과 같은 - 분화와 용암이 흐른 이래로 지금과 같은 것이 확실하지 않습니다.,숙박 날짜: 2017년 8월
5th Street Ohana,plonac,5.0,이 장소에서 매우 기쁘게 생각합니다.,내 아내와 나는 화산 국립 공원에서 며칠을 보내고 2 박 동안 엠마 스위트 룸에 머물렀다. 공원을 방문하기에 좋은 기지이며 머물기에 아주 좋은 곳입니다. 그것은 무성한 아열대 식물에 둘러싸여 한적한 느낌. 이 격리 때문에 밤에는 어둡고 조용합니다. 잠자는 데 좋습니다. 내부는 매우 신선하고 깨끗합니다. 모든 것이 잘 작동합니다. 두 곳을위한 충분한 공간이 있습니다 -이 곳은 기본적으로 큰 스튜디오 아파트입니다. 정보 바인더는 스위트와 파크 모두에 도움이됩니다. 우리는 여기에 머물기를 매우 기쁘게 생각하며 추천합니다.,숙박 날짜: 2018년 5월
5th Street Ohana,travel193,4.0,좋은 위치!,남편과 나는 2 박의 여왕 스위트에 머물렀다. 공원과 현지 레스토랑에서 몇 분 거리에있는 매력적인 스튜디오입니다. 부엌은 약간 마루지만 단기간 투숙하기에 완벽합니다. 우리는 온열 매트리스를 정말 좋아했습니다. 그들은 설탕과 크리머 패킷과 커피 메이커를 제공했지만 커피는 없었습니다.,숙박 날짜: 2018년 4월
Kona Seaspray,Susan M,5.0,그레이트 스테이!,"우리는 Kona Seaspray에서 멋진 시간을 보내고 # 302에 머물 렀습니다. 바다의 멋진 전망과 스노클링이 좋은 Kahalu'u Beach까지 짧은 도보 거리. 욕실은 리모델링 된 욕실과 주방으로 깨끗하고 편안했습니다. 그것은 훌륭했다! 밥은 반응이 좋고 도움이되고 느긋합니다. 우리는 돌아올 것이다. 약 12 마일 거리에있는 피난처 (Place of Refuge)에서 ""2 단계""스노클링 장소를 확인하십시오. 그것은 정말로 굉장하다. 그리고 낮은 서핑 (그것은 우리가 갔던 날 1-2 ft이었다) 동안 물에서 출입하기 쉽다.",숙박 날짜: 2020년 2월
Kona Seaspray,Mark Bosley,5.0,스노클 러를위한 장소,"Kona Seaspray에서 3 번째 투숙을했으며, 먼 미래에 4 번째 투숙을하게 될 것입니다. 우리는 스노클링을 좋아합니다.-Kahaluu Bay에서 올바른 것이 정말 중요합니다. 나는 공원의 남쪽 입구를 건너 뜁니다-너무 많은 사람들. 나는 북쪽의 자갈 해변에서 Kahaluu에 들어갑니다-이것은 Seaspray에서 75 야드 일 것입니다. 거기에서 산호초가 아주 건강 해 보이는 베이 중간으로 빠르게 갈 수 있습니다. 장치로 걸어 가서 장치 측면의 샤워를 사용한 다음 Seaspray의 수영장에서 휴식을 취하고 렌터카에 타지 않아도됩니다. 우리가 머무는 동안 어느 날, 우리는 사계절에 공공 액세스 해변까지 당일 치기 여행을했습니다. 부대는 뒤로 떨어져서 서로 움푹 들어간 것처럼 보였습니다. 외부에서 플로리다 어딘가에있을 수있는 것처럼 보였습니다.  Seaspray에 머무르는 방법이 얼마나 달라 졌는지 아침에 일몰과 일몰을 위해 Kahaluu만을 바라 보는 발코니에서 나가는 곳 그리고 하루의 나머지 시간을 통해 여러 번. 보기는 아름답고 우리가 가진 단위의 목공은 아름답습니다. 우리가 머물렀던 유닛에는 frig, 스토브, 전자 레인지, 토스터 및 커피 메이커가있었습니다. 우리는 식당에서 저녁 식사를 요리하려고했지만 Sam Choy는 근처 Keauhou Center (및 기타)에 있습니다. . . . 그러나 우리는 매일 발코니에 앉아 아침을 먹었습니다. Seaspray는 해안의 Alii Drive의 가장 남쪽 끝에 있으며 교통량이 있지만 귀찮게하지 않았습니다.",숙박 날짜: 2019년 7월
Kona Seaspray,Dustin H,5.0,아름답고 편안한!,"Kona Seaspray는 머물기 좋은 곳이었습니다. 바다와 편안한의 아름다운 전망. 우리가 사야 할 필요가있는 것이 모두 음식물이었습니다. 길 건너편 해변으로의 쉬운 접근. 콘도는 커플들과 가족들에게 매우 깨끗했습니다. 간편한 체크인 및 체크 아웃 절차. 정직하게 여기에서 우리 체재를 좋아했고, 다시 되돌아 올 것이다.",숙박 날짜: 2019년 3월
Kona Seaspray,Andrew C,5.0,스노클러 및 일몰 애호가를위한 훌륭한 장소,"우리는 딸, 사위, 손자와 함께 2019 년 2 월 9 일 동안 이곳에 머물렀다.   우리가 콘도에 들어갔을 순간, 우리는 부드럽게 연주 하와이 음악과 메인 룸의 벽에 사랑스러운 인어 조각으로 인사되었습니다. 휴게실과 발코니는 A'lii Drive의 Kahalu'u Bay의 서퍼와 일몰을 직접 봅니다. 카 할 루우 만 (Kahalu'u bay)은 훌륭한 서핑과 빅 아일랜드 (Big Island)에서 최고의 스노클링을 자랑합니다. 도보로 가까운 거리에 있습니다. 콘도에는 오르막길에있는 키아 웨 스크럽 숲을 마주하고있는 뒤쪽의 침실 2 개가있는 멋진 평면이 있습니다. 마스터 침실에는 샤워 시설을 갖춘 전용 욕실이 있습니다. 복도 건너편에는 두 번째 침실이 있습니다. 잘 꾸며진 휴게실에는 완비 된 주방, 커다란 TV가있는 라운지 공간 및 식사 공간이 있습니다. 그것은 한쪽에는 풀 세탁을하고 다른 한쪽에는 풀 배스로 침실과 분리되어 있습니다. 소파에 은신처가 있습니다. 테이블과 소파가있는 잘 꾸며진 수영장이있어 음료와 함께 휴식을 취하고 일몰을 볼 수있는 멋진 장소를 제공합니다. 해가 뜨고있는 동안 우리가 바베큐 파티에 사용했던 옥외 굽고있는 지역이있다. 우리가 머물렀던 콘도 (202)는 꽤 준비가되어 있었고 최근에 업데이트되었습니다. 케이블 TV와 좋은 무선 랜이 제공됩니다. 해변과 물 장난감이있는 옷장이 있습니다 - 부기 보드 등. 우리는 주로 요리를했고 아무런 문제가 없었습니다. - A'lii Drive의 1 마일 남쪽에있는 지역 쇼핑 센터의 KTA 슈퍼마켓에서 제공 할 수",숙박 날짜: 2019년 2월
Kona Seaspray,Tyezer,5.0,"놀라운 전망, 굉장한 콘도","Ironman 세계 챔피언을위한 12 박 동안 여기에 머물렀다. 정말로 우리 시간을 여기에서 즐겼다. 친절한 스태프가 친절하고 도움이되며, 대부분의 시간 동안 수영장이있었습니다. 우리는 그가 2 층 / 1 층에 있었기 때문에 운이 좋았습니다. 301 호에는 만과 석양이 장관을 이루었습니다. 되돌아 가기 위해 살기 위해,이 장소는 정말로 우리를 위해 우리 여행을했다. 근처의 정말로 멋진 두 개의 해변들.",숙박 날짜: 2018년 10월
Volcano Artist Cottage,Paul M,5.0,긴 하이킹을 마친 후 편안한 휴양지,"우리는 신혼 여행 중이 별장을 방문하여 더 행복 할 수 없었습니다. 그것은 매우 별 나고 재미있는 장소이었다. 아이라는 사치스럽게 대형 샤워, 차와 커피, 그리고 유명한 바나나 빵의 멋진 선택으로 장소의 세부 사항에 많은주의를 기울였습니다. 온수 욕조에있는 새들의 세레나데를 제외하면 오두막집은 바다 산책로를 따라 VNP에서 하이킹을한지 하루 만 지나면 조용하고 많은 도움이 필요했습니다. 코티지 주변의 정원은 산책하기 좋은 그림 같은 장소입니다. 오두막집의 치수는 조금 아늑 합니다만, 그것이 우리가 그것을 좋아하고 언젠가 되돌아 가기를 원할 것입니다.",숙박 날짜: 2017년 4월
Volcano Artist Cottage,Troy B,5.0,조용한 영감.,아름다운 분위기와 아름다운 분위기. 영감과 반성을위한 조용하고 기묘한 공간. 모든 나무에 꿀 덩어리가 깔린 건물에서 좋은 새끼를 낳는다. 화산 국립 공원 (Volcanoes National Park)과 힐로 (Hilo)에서 가까운 드라이브. 고귀한 토끼로 인해 특별한 체류가 이루어졌습니다.,숙박 날짜: 2018년 2월
Volcano Artist Cottage,UncleMoby,4.0,조용하고 안락하며 매우 사적인 곳입니다.,"비, 안개, 이슬비, 그리고 더 많은 비는 우리가 힐로에서 차를 타고 오면서 인사했습니다. 우리는 Ira 오노 (주인)가 카페에서 후원자를 인사하고있는 것을 발견했다. 그리고 그는 우리를 우리 집에 소개하기 때문에 기뻤다. 땅 주변의 산책은 예술과 식목을위한 예외였습니다. 우리가 정착했고, 우리가 주차 할 곳을 발견하면, 우리는 오후 동안 공원에 나갔다. 돌아 왔을 때, 우리는 우리가 우리 자신에 대한 모든 근거를 갖고 그것을 사랑한다는 것을 알았습니다. 그렇습니다, 그것은 작은 재산이지만 편안함과 음식을 위해 필요한 모든 것들이 있습니다. 우리는 제공되는 커피를 즐겼고 과일과 바나나 빵은 맛있었습니다. 우리는 뜨거운 욕조와 거대한 샤워 실을 잘 활용했고 일반적으로 그 장소를 사랑했습니다. 유일한 단점은 장소의 작은 크기입니다. 우리는 연장자이고 야간에 시설을 사용하기 위해 파트너를 등반하는 것은 어려운 일이었습니다. 또한, 수하물, 부츠, 신발 (우리는 내부에 착용하지 않은) 등을 다루기가 어색했고, 우리는 자주 말라야했습니다. 이것은 거래 차단기가 아니며 우리는 기회가 주어진다면 다시 거기에 머물러있을 것입니다. 카페, 선물 가게, 부지, 위치 등이 우수합니다.",숙박 날짜: 2017년 10월
Volcano Artist Cottage,friantfoodsnob,3.0,"닫기 vnp! 조용하고, 독특한, 조용한 …","가까운 방문하기에 묵고 싶기 vnp. 아티스츠 코티지 발견 이 있는 트립어드바이저에서 본 대로 였습니다. 이 건물은 작지만 적절한 1908. 작은 주방 공간을 차, 커피와 간단한 식사. 자고 있는 침대가 있는 편안한 지역에 있는 여왕. 욕실은 대형 정원 및 유리로 보이는 아티스트 의 협력. 큰 가방을 가지고 하지 내부에는 침대 위에 열 수 있는 지. 커피와 차를 마실 수 있는. 우리를 기다리고 있는 맛있는 바나나 빵 을 두 덩어리가 냉장고에 요거트 체크인. 우리는 할 수 있다고 또 변경다른 두 번째 아침에는 아침 식사 음식은 좋겠지만. 요구르트 도 좋지만 다른 하나는 이상 chobani 더 buffala 지난 10 일이 라 날짜 표시 "" 를 통해 "" 일부 몰드 전달됩니다. 플러스 이 한 - 조용하고, 뜨거운 욕조, 개인! 조용하고 편안한 것을 좋아한다면 이라는.",숙박 날짜: 2017년 8월
Volcano Artist Cottage,jal-2012,5.0,진정한 자연 불가사의 지역 거점 pele 화산의 여신,"우리는 세 가지 즐거운 밤에, 하와이 화산 국립 공원을 방문하는 동안 다른 자연의 경이 와 가족 여행. 아티스츠 코티지 ira 의 완벽한 단일 하고 조용한 휴식을 취하기 편안한 장소 하는 바쁜 하루 여행을. 네 사람의 문 앞에 야외 자쿠지가 있는 객실은 매우 편안했어요. 과일, 맛있는 놀라, 바나나 빵, 커피, 그리고 차 선택도 하루 시작이 좋다고. 같은 이유로 이는 화산의 아트 갤러리 가든 코티지, 붙어 있는 다양한 종류의 지역 공예, 오노 과 카페, 좋은 채식 레스토랑. 국립 공원 입구는 네 탤컴파우더 올라 가라. 우리는 우리의 시간의 아주 좋은 아티스트 코티지, 원하는 모든 이들에게 적극 추천 하고 진정한 여신 은 화산지역 거점 pele 자연 불가사의.",숙박 날짜: 2017년 3월
The Beach Villas at Kahalu u,dputland,5.0,코나로의 멋진 여행!,"스노클링이있는 공원 맞은 편에, 이것은 많은 편의 시설을 갖춘 사랑스러운 2 베드룸 / 2 목욕 유닛이었습니다! 우리는 부엌을 사용하지 않고 세탁기 건조기를 사용했습니다. 좋은 위치! 매우 깨끗합니다! 나는 Kona에 머무는 사람에게 이곳을 추천합니다!",숙박 날짜: 2019년 8월
The Beach Villas at Kahalu u,Rachelle B,1.0,BEWARE- 애비 베 케이션 / 그랜드 환영은 환상적입니다!,"URINE FOR A TREAT - ""Grand Welcome""이외의 것 처음에는 내 인생에서 좋든 나쁘든간에 평론을 쓰지 않았습니다. 저는 주간 비즈니스 여행객이며 일년에 평균 6 번의 추가 휴가를 가족과 함께합니다. 우리는 호텔에 머물며 에어 BNB와 VRBO도 이용합니다. 이것은 Abbey Vacation Rentals로 지금은 Grand Welcome입니다. 우리 가족은 지난 8 년 동안 대 수도원 임대 (Abbey Rentals)를 이용 해왔고, 우리는 항상이 콘도에서 총 6 개의 다른 부대에 머물렀습니다. 우리 마지막 2 명의 대 수도원에이 지난 2 개의 여름이 머무른다, 우리는 정말로 단지 3 층인 ""Penthouse""에 머물렀다. 작년에 우리는 In을 조사했고, 즉시 우리는 소변 냄새가 나는 욕실을 알아 차렸다. 샤워 실이나 욕실 주변에 누군가 또는 무언가가 떨어지는 것과 마찬가지로 적절하게 청소 된 적이 없었습니다. 우리는 또한 그 여행에서 2 개의 다른 유닛을 임대하고있었습니다. 그리고 우리 가족도 우리 욕실에서 심한 냄새를 알아 차렸습니다. 그 순간 우리 판에서 가장 큰 이슈가 아니 었습니다. 나는 시간이 없거나 바로 그 때 불평하고 싶다, 나는 휴가 중이었고 우리는 빅 아일랜드 전역에 매일 갔다. 우리 여행 동안 나는 Longs에 들렀 고, 3 병의 표백제를 샀고, 욕실과 소나기를 뿌렸다. 첫 번째 치료는 오랫동안 문제를 해결하지 못했고 매일이 작업을 반복해야했습니다. 어쩌면 가사가 냄새를 느끼지 못했거나 냄새에 익숙해 져서 신경 쓰지 않는다고 생각했습니다. 어느",숙박 날짜: 2018년 7월
The Beach Villas at Kahalu u,LEO554,5.0,정말 좋았습니다!,"남편, 동생과 나는 장치 2에 묵었습니다 101Beach Villa. 우리는 휴가 임대 통해 개인이 소유한 장치 예약했습니다. 이 장치에 대한 모든 것이 좋았다. 2개의 욕실, 괜찮은 크기의 거실, 부엌이 있다. 마스터 침실은 정말 큰. 2개의 싱글 침대가 있는 작은 침실, 적당합니다. 발코니 편안하게 앉아서 식사를 즐길 수 있으며 멋진. 가구설비는 세련되고 주방 모든 아마도 부가 시설이 많이 원하는! 하지만 음식은 영구적으로 않고 여기 살 수 있습니다. 세탁 파우더, 식기 세제 많이 너무 제공됩니다. 수영장은 장치에서 좀 걸어야 하지만 사랑스럽다. 스노클링 해변은 말 그대로 몇 분 내려가면, 스노클을, 국수, 마스크 해변에서 heaps - 수건을 준비가 돼 제공되는 거리에 있습니다. 스노클링 너무 좋았어요. 수와 물고기를 다양한 퀸즐랜드 호주 그레이트 베리어 리프 하지만 산호 더 거의 모든 공중 도보 때문에 매일 모두 죽었습니다. 최고의 보기 위해 물 입구 왼쪽에 잘. 바위 위에 물 들어가기 전에 조금 걸어. . . 사람들이 길을 더 많은 물고기를! 우리는 Beach Villa 숙박은 정말 좋았고 꼭 추천하고 싶어요. 또한. . 주차는 무료입니다!",숙박 날짜: 2018년 6월
The Beach Villas at Kahalu u,Mi M,5.0,우리 가족을위한 완벽한 5,"5 명의 가족이 Kahalu-u의 Beach Villas에서 1 주일간 머물렀다. 우리는 2 호 201 호에있었습니다. 우리에게는 10, 13, 14 세의 어린이 3 명이 적합했습니다. 우리는 호텔 객실로 찌그러 뜨리는 것을 좋아하지 않으며 부엌, 베란다 및 별도의 침실을 즐기는 것을 좋아합니다. 내 아들은 쌍둥이 침대를 가져 갔고 딸은 풀 아웃 소파에서 잤다. 그들은 우리의 왕처럼 침대가 얼마나 편안했는지에 대해 논평을합니다. (어른이나 나이가 많은 청소년은 풀 아웃 소파에서 편안하지 않을 수도 있지만 딸은 괜찮습니다.) 하와이 - 나는 큰 섬이다. 그리고 이것은 우리 처음 여기에 있었다. 나는 이것을 ""중앙에 위치""된 것으로 간주한다. 왜냐하면 우리는 우리가 1 내의 모든 광경을 볼 수 있었기 때문이다. 5 - 2 시간. Kahalu - u Beach는 비교적 경험이없는 승무원을위한 최고의 스노클링이었습니다. 워터 슈즈는 필수 아이템입니다 (ABC 스토어에서 들러보세요 - 그들은 집에서 목표물보다 저렴했습니다). 그러나 바위를 조심스럽게 다듬 자마자 모든 종류의 물고기 (거북이!)를 볼 수 있습니다. 우리의 신진 해양 생물 학자가 우리에게도 말했을지라도, 그들은 다른 물고기에 대해 배울 수있는 전시를 준비했습니다. 물은 너무 깊거나 거칠지 않았습니다. ""해변""은 약간의 욕망을 남겨 둡니다. 그러나 우리는 그처럼 위대한 물과 편의 시설을 가지고 있었기 때문에 마음에 들지 않았습니다. (아이들은 면도 한 얼음을 좋아했는데 .... ""나쁘다""하지만 시럽으로 얼음이었습니다. 나쁜?). 우리는",숙박 날짜: 2018년 3월
The Beach Villas at Kahalu u,Raymond T,5.0,편안한 휴가를위한 훌륭한 숙박 시설,"우리는 10 월에 Ali'i Kailua Kona 드라이브에서 Kahalu'u의 Beach Villas에서 2 대를 예약했습니다. 이 숙박 시설은 훌륭한 가족 휴가를위한 모든 것을 제공했으며, 해변 의자와보기 판까지 완비되어 있습니다. 단위는 빅 아일랜드의 인구 밀집 지역에있는 최고의 스노클링 해변 중 한 곳에서 길 건너편에 있습니다. 바다가 당신의 씬이 아니라면 유니트 단지에는 바다가 보이는 수영장이 있습니다. 대형 쇼핑 센터가 단위에서 도보로 불과 500m 거리에 있습니다. 빅 아일랜드를 방문하는 경우 차를 렌트하는 것이 가장 좋으며 복합 단지 뒤편에 도로가없는 넓은 주차 공간이 있으며 코나 타운 배는 차로 가까운 거리에 있습니다. 또한 셔틀 버스를 타면서 $ 2의 bargin에 들러 갈 수도 있습니다. 모두 필요한 모든 편의 시설을 갖춘 훌륭한 위치.",숙박 날짜: 2017년 10월
Holo Holo Inn,g h,4.0,홀로 홀로는 모든 곳에서 훌륭한 곳입니다.,"우리는 지난 밤 4 월 2017을 며칠 동안 머물렀다. 많은 사람들이이 흙에 대해 불평하고 있지만, 말할 가치가있는 흙이나 곰팡이는 보지 못했습니다. 빅 아일랜드의 바람이 불고있는 쪽 (비오는 쪽)의 열대 우림에 있으므로, 당신이 지불하는 것에 따라 판사가 결정하십시오. 그렇습니다. 창고 밖의 창고는 지저분합니다 (흥미롭게 생각 했으니 까!) 보지 마세요. 사토시 씨의 개인 쓰레기 더미이지 손님의 사업이 아닙니다. 부엌은 예, 그렇습니다. 그러나 그것은 내가 세계 각지에서 보았던 많은 숙소 부엌보다 적당하고 이상이었다. 욕실이 딸린 전용 침실은 사랑스럽고 멋진 소나무 혀로 장식되어 있습니다. 나는 이것이 아름다운 나무라고 생각한 것을 기억합니다. 그것은 서해안에서 수입 된 것입니까? 그리고 어떤 비용으로? 주인은 흥미 있었고 환영했다. 사토시는 세상, 정치, 여행 경험 및 기타 많은 흥미로운 주제에 대해 이야기하기를 좋아합니다. 우리는 그의 아내를 만났습니다. 거기에 우리가 방문했을 때 손님이 거의 없었으며 우리는 종종 방대한 주방을 가지고있었습니다. 부엌 장식, 키가 큰 대성당 천장, 멋진 책장 및 거대한 창문 장식이 흥미로운 것들입니다. 그는 외부의 갑판을 수리 할 수 있었다. 그러나 나는 열대 다우림에 얼마나 많은 즐거운 야외 시간이 있는지에 관해 명확히하지 않지만 그것이 장소를 상당히 개량 할 것이다. 홀로 홀로 인 (Holo Holo Inn)에 대해 최악의 경우는 약 5-6 시간 (1130-40.30) 정도의 청소를 위해 닫는 것입니다. 이는 약간 극단적 인 것으로 알려져",숙박 날짜: 2017년 4월
Holo Holo Inn,TrampingBroad,5.0,완벽한 데이터베이스 nat 입니다. 주차,"나는 이곳에서 3일 밤을 묵었는데 아주 즐길 수 있었다. 사토시 (주인) 정말 좋은 공간도 보이며, 저는 개인적으로 정말 감사합니다. 저는 처음에 밤 만 이용할 수 있는 곳입니다. 멋진 경험이었습니다! 저는 2박을 하는 다른 문제가 있거나 부엌 공유 기능 제공. 아주 뜨거운 물은 항상. 볼케이노 마을을 습하고 추운, 오래된 집이고 (지원하지만 아주 깨끗합니다). 한 것 같은 느낌 에 할아버지 의 큰 집에 머무는 사람 도 잘 몰라. 타월과 시트가 제공된다. 인스턴트 커피는, 원두커피를 좋아하기 때문에, 가져. 에는 작은 음식 제공 (하면서 사용할 수 있는 오트밀 파스타), 이렇게 하는 것은 로컬 부트되지 않습니다 식료품 가게가 문을 닫을 때. 이 곳은 완벽한 베이스 캠프로 화산 국립 공원 화산 마을 구경하기. 팁: 태국 태국 및 / 또는 킬라우에아 로지 근처에서 식사를. 너무 좋았습니다.",숙박 날짜: 2017년 5월
Holo Holo Inn,BandonBeachlover,2.0,추천하지 않습니다,"일반적으로 쉽게 하기 위해 (내 다른 리뷰를 보고) 한 사람이 다른 사람을 경고 할 필요는 있지만 저는 이 곳. 4시 이후에 사람들은, 어떤 웹 사이트 및 우리의 대응하는 체크 인 시간, 찾을 문에 대해 체크 인 시 430 했습니다. 주인은 내부 청소 바닥, 그 밖에 필요한 대기 를 해 본 차가운. 우리는 체크인을 했던 저녁 식사 전에 일몰을 보러 향한 rim 에 있는, 하지만 할 수는 없기까지 5 시 주방, 계획이 있는 변경. 부엌에 있는 아주 오래되고 더럽고 오래된 테플론 프라이팬 모든 테플론 코팅 셰딩 있습니다. 제 가 찬장을 열 안 하고 더럽고 냄새나는 곳, 욕실은 깨끗한 수건이 있는 유일한 사람은 욕실 수건 과 각 새워는 사용할 경우, 첫 번째 사람인데 진흙과 젖어 가서 하이킹 후 샤워를 하고. 했는데 오래된 선풍기 히터가 잘 작동하지 않아서 먼지가 덜거덕거리 하며 모든. 전체적으로 아주 좋은 곳을 청소하고! 하더니 우리 차를 학교 옆에 공원이 밝지 않고 길은 진흙 을 다시 하우스, 주차장을 지나 오픈 되어 팔고 있었다. 모든 것이 아주 소박한 후 이상한 설정. 우리의 방은 매우 차가운 방에 있는 열 전체 하우스. 주인이 준 다음 날, 그는 지표에 대해 뭔가 하기란, 하지만 그는 수리 또는 약속도 사과도 없었습니다. 수는 약 50 도 에, 코나클리라 코스트 카운티까지 나오는데 매우 추운 것 같았다. 저는 거의 잠 에 조용하고 밤에 추워 이불을 내 머리 에서 따뜻함은 느낄 수 없고 찾아야 했어요. 우리는 다른 사람들에게 전화를 걸어 도착한 후 전화 번호 및 인 최대 15분 이상",숙박 날짜: 2017년 1월
Holo Holo Inn,catoneill,3.0,가운데 열대 숲 의 숙박시설,"Gps 가 고마움에! 한 가족이 운영하는 이 의 따뜻한 환영 설정할 수 있습니다. 이 객실은 공용 욕실 시설과 다양한 기숙사에서 다양한 개인 객실로 개인 욕실. 저는 후자를 고르지 았다. 하지만 매우 깨끗하고 침대 시트에 얼룩이 지! 아침 식사는 없지만 부엌이 있는 무료 차, 커피와 뜨거운 초콜릿 (우유 가루 없고 다양한 음식을). 가장 좋은 것은 이 곳에 있는 도로는 카페 ohelo. 예약 에서 아주 인기 있는",숙박 날짜: 2017년 2월
Holo Holo Inn,Kdanac,4.0,' 을 ' 은 호스텔에 가깝고 화산 nat ' l 파크,"강력 추천합니다 - 깨끗하고, 조용한 호스텔 - 친절한 주인 - nat 근처에 ' l 파크 - 가까운 상점 - 거대한, 완전히 - 갖춰진 부엌, - 인터넷 - 방은 좋은 - 불평할 점이 많은 (아마 중간 - 일 종료 시간) - 할 것이다 꼭 다시 가고 싶어요",숙박 날짜: 2016년 11월
